"beneficiary_id","customer_id","customer_country_code","beneficiary_type","beneficiary_country","beneficiary_name","beneficiary_add_line_1","beneficiary_add_line_2","beneficiary_city","account_number","bank_name","branch_name","bank_address","contact_mobile","contact_email","nickname","swift_code","iban_number","is_active","is_deleted","is_favourite","cooling_period","created_at","last_modified_at","created_by","last_modified_by","is_approved","is_rejected","admin_remarks","wallet_type","agent_id","beneficiary_currency","bank_gateway_code","has_branches","branch_code","biller_id","biller_category","biller_category_id","subcategory","subcategory_id","biller_name","biller_input_value","biller_input_label","biller_icon","biller_icon_url","biller_input_json","biller_input_value_json","api_key","wallet_code","input_label","input_label_ch"
46,"002001314",BW,IWL,BW,Orange Money,,,,"649464",,,,,,,,,true,false,,,2026-02-25 08:22:38.322,2026-02-25 08:22:38.322,,,,,,BW-ORANGE-AIRTIME,,BWP,,false,,,,,,,,,,,,,,,,,
47,"002011507",BW,OBE,BW,Wewewe,,,,"224244",BANK OF INDIA (BOTSWANA) LIMITED,"",,,,,,,true,false,,,2026-02-25 11:26:46.183,2026-02-25 11:26:46.183,,,,,,,,BWP,,false,,,,,,,,,,,,,,,,,
48,R0029116,BW,INSW,AO,International SWIFt,"22423",Safdar,FS,"8789789789",BANCO ANGOLANO NEGOCIOS E COME, ,,"","","",ANCEAOLU,"",true,false,false,,2026-02-25 12:59:29.473,2026-02-25 12:59:29.473,,,,,,"","",GBP,,false,,,,,,,,,,,,,,,,,
49,R0029116,BW,INSW,AD,Dsfdsf,Add,Add,Cirt,"343254343",MORA BANC GRUP SA, ,,"","","",BINAADAD,"",true,false,false,,2026-02-25 16:24:25.028,2026-02-25 16:24:25.028,,,,,,"","",BWP,,false,,,,,,,,,,,,,,,,,
50,R0029116,BW,INSW,IL,SWIFT Italy,Itly,Tik dk,Sdf,"235325235",BANK OF ISRAEL, ,,"","","",BOICILIJ,"",true,false,false,,2026-02-25 16:33:06.019,2026-02-25 16:33:06.019,,,,,,"","",BWP,,false,,,,,,,,,,,,,,,,,
51,R0029116,BW,IWL,BW,Orange Money,,,,"234234324",,,,,,,,,true,false,,,2026-02-25 16:35:54.337,2026-02-25 16:35:54.337,,,,,,BW-ORANGE-AIRTIME,,BWP,,false,,,,,,,,,,,,,,,,,
52,R0029116,BW,IWL,BW,Orange Money,,,,"213123",,,,,,,,,true,false,,,2026-02-26 07:03:38.857,2026-02-26 07:03:38.857,,,,,,BW-ORANGE-AIRTIME,,BWP,,false,,,,,,,,,,,,,,,,,
56,"002001314",BW,OBE,BW,Other bank EFT,,,,"848484",ACCESS BANK BOTSWANA LIMITED,"",,,,,,,true,false,,,2026-02-26 07:59:10.381,2026-02-26 07:59:10.381,,,,,,,,BWP,,false,,,,,,,,,,,,,,,,,
59,"002001314",BW,INSAD,ZA,International ben ,Test,Test,Nasik,Gsgs62662,FIRSTRAND BANK LIMITED,WATERFALL MALL 994,,"","","",FIRNZAJJ,"",true,false,false,,2026-02-26 11:38:55.015,2026-02-26 11:38:55.015,,,,,,"","",ZAR,,false,,,,,,,,,,,,,,,,,
62,R0029116,BW,INSW,,Adad,Asdsad,Add1,City,"12122323",FIRSTRAND BANK LIMITED,WATERFALL MALL 994,,"","","",FIRNZAJJ,"",true,false,false,,2026-02-26 16:05:28.209,2026-02-26 16:05:28.209,,,,,,"","",BWP,,false,,,,,,,,,,,,,,,,,
63,R0029116,BW,INSW,AO,SWIFt,Sdfsd,Add ,City,"24234324",BANCO COMERCIAL ANGOLANO, ,,"","","",COMLAOLU,"",true,false,false,,2026-02-26 16:45:31.417,2026-02-26 16:45:31.417,,,,,,"","",BWP,,false,,,,,,,,,,,,,,,,,
64,R0029116,BW,OBE,BW,Afsar,,,,"234324",BANK OF BOTSWANA,"",,,,,,,true,false,,,2026-02-26 16:49:06.351,2026-02-26 16:49:06.351,,,,,,,,BWP,,false,,,,,,,,,,,,,,,,,
58,"002001314",BW,INSAD,ZA,International ben sadc,Test,Test,Nasik,Hshs6353535,FIRSTRAND BANK LIMITED,WATERFALL MALL 994,,"","","",FIRNZAJJ,"",true,false,true,,2026-02-26 11:36:35.554,2026-02-27 04:58:21.208,,,,,,"","",ZAR,,false,,,,,,,,,,,,,,,,,
65,R0029116,BW,OBR,BW,RTGS,,,,"234235",STANDARD CHARTERED BANK BOTSWANA LTD,"",,,,,,,true,false,,,2026-02-27 06:01:17.127,2026-02-27 06:01:17.127,,,,,,,,BWP,,false,,,,,,,,,,,,,,,,,
66,"002011507",BW,OBR,BW,rtgs testing,,,,"123123123",BANK OF BOTSWANA,"",,,,,,,false,true,,,2026-02-27 06:13:23.839,2026-02-27 06:40:06.311,,,,,,,,BWP,,false,,,,,,,,,,,,,,,,,
61,"002011507",BW,IWL,BW,ORANGE-MONEY,,,,"346666666",,,,,,,,,false,true,,,2026-02-26 14:42:15.685,2026-02-27 06:41:40.297,,,,,,ORANGE-MONEY,,BWP,,false,,,,,,,,,,,,,,,,,
67,"002001314",BW,OBR,BW,Rtgs,,,,"258963",STANDARD CHARTERED BANK BOTSWANA LTD,"",,,,,,,true,false,,,2026-02-27 06:43:19.023,2026-02-27 06:43:19.023,,,,,,,,BWP,,false,,,,,,,,,,,,,,,,,
44,"002001314",BW,WIB,BW,SEKGABO PRECIOUS TLHABIWE,,,,"0020001791111",,,,"","","",,,true,false,true,,2026-02-25 07:00:06.150,2026-02-27 07:21:34.024,,,,,,WIB,,BWP,,false,,,,,,,,,,,,,,,,,
45,"002001314",BW,OBR,BW,Pratiksha other bank,,,,"11111",BANK GABORONE LIMITED,"",,"","","",,,true,false,,,2026-02-25 07:06:53.065,2026-02-27 07:21:55.696,,,,,,OBR,,BWP,,false,,,,,,,,,,,,,,,,,
89,R0029116,BW,IWL,BW,Orange Money,,,,"74494575",,,,,,,,,true,false,,,2026-02-28 07:12:29.235,2026-02-28 07:12:29.235,,,,,,BW-ORANGE-B2C,,BWP,,false,,,,,,,,,,,,,,,,,
60,"002001314",BW,OBR,BW,Test bob,,,,"5445",BANK OF BARODA (BOTSWANA) LIMITED,"",,"","",Bob,,,false,true,,,2026-02-26 13:37:46.343,2026-02-27 07:22:58.852,,,,,,OBR,,BWP,,false,,,,,,,,,,,,,,,,,
70,"002011507",BW,OBR,BW,Testing rtgs,,,,"123456",BANK OF BOTSWANA,"",,,,,,,false,true,,,2026-02-27 07:20:49.314,2026-02-27 07:26:40.922,,,,,,,,BWP,,false,,,,,,,,,,,,,,,,,
71,"002011507",BW,OBR,BW,Divyesh rtgs,,,,"123654",ACCESS BANK BOTSWANA LIMITED,"",,,,,,,false,true,,,2026-02-27 07:27:43.726,2026-02-27 07:38:00.834,,,,,,,,BWP,,false,,,,,,,,,,,,,,,,,
72,R0029116,BW,OBR,BW,ssfsd,,,,"12345",BANK GABORONE LIMITED,"",,,,,,,true,false,,,2026-02-27 08:03:59.304,2026-02-27 08:03:59.304,,,,,,,,BWP,,false,,,,,,,,,,,,,,,,,
73,R0029116,BW,INSW,IN,Indian ,dgfd,gfgf,dfgd,"324324324",AB BANK LIMITED, ,,"","","",ABBLINBB,"",true,false,false,,2026-02-27 08:13:36.042,2026-02-27 08:13:36.042,,,,,,"","",INR,,false,,,,,,,,,,,,,,,,,
75,"002001314",BW,WIB,BW,LENKWETSE KEMSLEY,,,,"0020013141112",,,,,,,,,true,false,,,2026-02-27 10:05:39.863,2026-02-27 10:05:39.863,,,,,,,,BWP,,false,,,,,,,,,,,,,,,,,
90,"002000898",BW,IWL,BW,Orange Money,,,,"54545484",,,,,,,,,true,false,,,2026-02-28 07:13:58.048,2026-02-28 07:13:58.048,,,,,,BW-ORANGE-B2C,,BWP,,false,,,,,,,,,,,,,,,,,
85,"002011507",BW,OBR,BW,bancneme,,,,"0002701001207",BANK OF BOTSWANA,"",,,,,,,false,true,,,2026-02-28 06:38:20.174,2026-03-02 05:54:26.411,,,,,,,,BWP,,false,,,,,,,,,,,,,,,,,
92,R0029116,BW,OBE,BW,EFT,,,,"345345345",BANK OF BOTSWANA,"",,,,,,,true,false,,,2026-02-28 08:18:44.533,2026-02-28 08:18:44.533,,,,,,,,,,false,,,,,,,,,,,,,,,,,
74,"002011507",BW,OBR,BW,asdsd,,,,"12589",BANK OF BOTSWANA,"",,,,,,,false,true,,,2026-02-27 10:04:12.687,2026-02-27 12:26:07.312,,,,,,,,BWP,,false,,,,,,,,,,,,,,,,,
82,R0019569,BW,WIB,BW,WALK-IN CUSTOMER (FRANCISTOWN),,,,"0030015690101",,,,,,,,,true,false,true,,2026-02-27 11:54:11.662,2026-02-27 13:57:09.442,,,,,,,,BWP,,false,,,,,,,,,,,,,,,,,
68,"002011507",BW,INSW,ZA,abab,sdaasd,asdas,asdasd,"123123123",MAIN BRANCH, ,,"","","",NEDSZAJJ,"",false,true,false,,2026-02-27 07:02:20.888,2026-02-28 06:35:27.808,,,,,,"","",ZAR,,false,,,,,,,,,,,,,,,,,
76,"002011507",BW,OBR,BW,uhgvcxsergb,,,,"69696",BANK OF BOTSWANA,"",,,,,,,false,true,,,2026-02-27 10:34:56.805,2026-02-28 06:35:43.450,,,,,,,,BWP,,false,,,,,,,,,,,,,,,,,
83,"002011507",BW,WIB,BW,GAONE EUNICE MOGALEEMANG,,,,"0020115071111",,,,,,,,,false,true,,,2026-02-28 06:24:59.608,2026-02-28 06:36:25.653,,,,,,,,BWP,,false,,,,,,,,,,,,,,,,,
84,"002011507",BW,WIB,BW,M P KOBOYANKWE,,,,"0002701001207",,,,,,,,,false,true,,,2026-02-28 06:27:35.053,2026-02-28 06:37:02.173,,,,,,,,BWP,,false,,,,,,,,,,,,,,,,,
93,R0029116,BW,OBE,BW,Staff,,,,"78787878",BANK OF BOTSWANA,"",,,,,,,true,false,,,2026-02-28 08:19:45.384,2026-02-28 08:19:45.384,,,,,,,,,,false,,,,,,,,,,,,,,,,,
86,"002000898",BW,WIB,BW,SEKGABO PRECIOUS TLHABIWE,,,,"0020001791111",,,,"","","",,,true,false,false,,2026-02-28 06:50:17.321,2026-03-04 11:04:18.605,,,,,,WIB,,BWP,,false,,,,,,,,,,,,,,,,,
97,R0019569,BW,IWL,BW,ORANGE-MONEY,,,,"12345677",,,,,,,,,true,false,,,2026-03-02 07:21:55.907,2026-03-02 07:21:55.907,,,,,,ORANGE-MONEY,,BWP,,false,,,,,,,,,,,,,,,,,
98,R0019569,BW,IWL,BW,ORANGE-MONEY,,,,"12345678",,,,,,,,,true,false,,,2026-03-02 07:24:39.392,2026-03-02 07:24:39.392,,,,,,ORANGE-MONEY,,BWP,,false,,,,,,,,,,,,,,,,,
91,"002000898",BW,OBR,BW,Geggeg,,,,"35454",BANK OF BOTSWANA,"",,"","","",,,false,true,false,,2026-02-28 07:33:18.074,2026-03-03 09:42:23.421,,,,,,OBR,,BWP,,false,,,,,,,,,,,,,,,,,
94,"002000898",BW,OBE,BW,Cfgvfdde,,,,"56988",BANK OF INDIA (BOTSWANA) LIMITED,"",,,,,,,true,false,,,2026-02-28 09:27:26.238,2026-02-28 09:27:26.238,,,,,,,,BWP,,false,,,,,,,,,,,,,,,,,
88,"002000898",BW,INSW,AO,International swift,,,,"6262gsgsgge",BANCO DE DESENVOLVIMENTO DE AN, ,,"","","",BDAAAOLU,"",true,false,false,,2026-02-28 07:10:08.847,2026-02-28 10:04:37.650,,,,,,INSW,"",ZAR,,false,,,,,,,,,,,,,,,,,
100,"002011507",BW,WIB,BW,ALTA DU PREEZ,,,,"0003501042436",,,,"","","",,,false,true,false,,2026-03-02 07:26:58.298,2026-04-15 14:07:55.736,,,,,,WIB,,BWP,,,,,,,,,,,,,,,,,,,
95,R0029116,BW,INSW,AD,Rear dfgdfg,Dfg ,Dgdfg,Dfgdfg,"132343",MORA BANC GRUP SA, ,,"","","",BINAADAD,"",true,false,false,,2026-02-28 11:51:24.171,2026-02-28 11:51:24.171,,,,,,"","",GBP,,false,,,,,,,,,,,,,,,,,
99,R0019569,BW,IWL,BW,ORANGE-MONEY,,,,"1234566",,,,,,,,,true,false,,,2026-03-02 07:26:42.026,2026-03-02 07:26:42.026,,,,,,ORANGE-MONEY,,BWP,,false,,,,,,,,,,,,,,,,,
101,R0019569,BW,IWL,BW,ORANGE-MONEY,,,,"2424444",,,,,,,,,true,false,,,2026-03-02 07:30:29.767,2026-03-02 07:30:29.767,,,,,,ORANGE-MONEY,,BWP,,false,,,,,,,,,,,,,,,,,
102,R0019569,BW,IWL,BW,ORANGE-MONEY,,,,"567432",,,,,,,,,true,false,,,2026-03-02 07:32:11.702,2026-03-02 07:32:11.702,,,,,,ORANGE-MONEY,,BWP,,false,,,,,,,,,,,,,,,,,
104,"002000898",BW,IWL,BW,ORANGE-MONEY,,,,"0212220938",,,,,,,,,true,false,,,2026-03-02 09:19:55.318,2026-03-02 09:19:55.318,,,,,,ORANGE-MONEY,,BWP,,false,,,,,,,,,,,,,,,,,
105,"002000898",BW,IWL,BW,ORANGE-MONEY,,,,"72737665",,,,,,,,,true,false,,,2026-03-02 09:20:58.556,2026-03-02 09:20:58.556,,,,,,ORANGE-MONEY,,BWP,,false,,,,,,,,,,,,,,,,,
103,R0023876,BW,WIB,BW,NAVEED SHAIKH,,,,"0004501047348",,,,,,,,,true,false,true,,2026-03-02 08:30:36.556,2026-03-02 09:22:23.232,,,,,,,,BWP,,false,,,,,,,,,,,,,,,,,
106,"002000898",BW,IWL,BW,ORANGE-MONEY,,,,"26772737665",,,,,,,,,true,false,,,2026-03-02 09:22:56.232,2026-03-02 09:22:56.232,,,,,,ORANGE-MONEY,,BWP,,false,,,,,,,,,,,,,,,,,
107,"002000898",BW,INSAD,ZA,Sadc,Test,Test,Test,Gsgsy62626,ABSA BANK LIMITED,JOHANNESBURG,,"","","",ABSAZAJJ,"",true,false,false,,2026-03-02 09:44:03.255,2026-03-02 09:44:03.255,,,,,,"","",BWP,,false,,,,,,,,,,,,,,,,,
108,"002000898",BW,INSW,AS,Swift,Test,Test,Nasik,"53663gegsg",ANZ AMERIKA SAMOA BANK, ,,"","","",ANZBASPA,"",true,false,false,,2026-03-02 09:46:51.088,2026-03-02 09:46:51.088,,,,,,"","",BWP,,false,,,,,,,,,,,,,,,,,
96,"002011507",BW,WIB,BW,GAONE EUNICE MOGALEEMANG,,,,"0020115071111",,,,"","","",,,true,false,false,,2026-03-02 05:57:14.088,2026-03-23 07:30:39.008,,,,,,WIB,,BWP,,,,,,,,,,,,,,,,,,,
69,"003001569",BW,WIB,BW,M P KOBOYANKWE,,,,"0002701001207",,,,"","",,,,true,false,true,,2026-02-27 07:08:42.395,2026-06-01 08:59:38.772,,,,,,WIB,,BWP,,,,,,,,,,,,,,,,,,,
109,"002000898",BW,IWL,BW,Orange Money,,,,"6464646",,,,,,,,,true,false,,,2026-03-02 10:27:59.488,2026-03-02 10:27:59.488,,,,,,BW-ORANGE-B2C,,BWP,,false,,,,,,,,,,,,,,,,,
110,R0029116,BW,OBE,BW,User,,,,"000563883",ABSA BANK OF BOTSWANA,RIVERWALK(2907),,,,,,,true,false,,,2026-03-03 09:34:19.112,2026-03-03 09:34:19.112,,,,,,,,BWP,,false,,,,,,,,,,,,,,,,,
111,R0029116,BW,IWL,BW,ORANGE-MONEY,,,,"234789",,,,,,,,,true,false,,,2026-03-03 09:37:12.486,2026-03-03 09:37:12.486,,,,,,ORANGE-MONEY,,BWP,,false,,,,,,,,,,,,,,,,,
112,"002000898",BW,OBE,BW,Eft,,,,"25584",BANK GABORONE LIMITED,"",,,,,,,true,false,,,2026-03-03 09:37:46.332,2026-03-03 09:37:46.332,,,,,,,,BWP,,false,,,,,,,,,,,,,,,,,
87,"002000898",BW,OBR,BW,Other ben,,,,"123456",STANBIC BANK BOTSWANA LIMITED,"",,"","","",,,false,true,false,,2026-02-28 06:50:52.027,2026-03-03 09:40:58.616,,,,,,OBR,,BWP,,false,,,,,,,,,,,,,,,,,
114,"002000898",BW,IWL,BW,ORANGE-MONEY,,,,"78693258",,,,,,,,,true,false,,,2026-03-04 07:29:09.381,2026-03-04 07:29:09.381,,,,,,ORANGE-MONEY,,BWP,,false,,,,,,,,,,,,,,,,,
115,"002000898",BW,IWL,BW,ORANGE-MONEY,,,,"26778693258",,,,,,,,,true,false,,,2026-03-04 07:30:43.805,2026-03-04 07:30:43.805,,,,,,ORANGE-MONEY,,BWP,,false,,,,,,,,,,,,,,,,,
116,"002000898",BW,INSAD,ZA,Sadc international ,Test,Test,Mumbai ,"635282954",FIRSTRAND BANK LIMITED,WATERFALL MALL 994,,"","","",FIRNZAJJ,"",true,false,false,,2026-03-04 07:32:59.275,2026-03-04 07:32:59.275,,,,,,"","",ZAR,,false,,,,,,,,,,,,,,,,,
117,"002000898",BW,IWL,BW,ORANGE-MONEY,,,,"859598959",,,,,,,,,true,false,,,2026-03-04 10:01:19.271,2026-03-04 10:01:19.271,,,,,,ORANGE-MONEY,,BWP,,false,,,,,,,,,,,,,,,,,
118,R0012618,BW,WIB,BW,SEKGABO PRECIOUS TLHABIWE,,,,"0020001791111",,,,"832002419",Bhaveshmagan@gmail.com,Bhavesh,,,true,false,,,2026-03-04 11:03:02.009,2026-03-04 11:03:02.009,,,,,,,,BWP,,false,,,,,,,,,,,,,,,,,
119,"002000898",BW,INSW,AD,Amol,Winjit ,Satpur ,Nasik,"63636363636",BANC SABADELL D ANDORRA, ,,"","","",BSANADAD,"",true,false,false,,2026-03-04 13:01:46.405,2026-03-04 13:01:46.405,,,,,,"","",ZAR,,false,,,,,,,,,,,,,,,,,
113,"002000898",BW,OBR,BW,Sadc,,,,"5578",ACCESS BANK BOTSWANA LIMITED,"",,"","","",,,true,false,true,,2026-03-03 09:38:12.729,2026-03-04 14:05:52.013,,,,,,OBR,,BWP,,false,,,,,,,,,,,,,,,,,
121,R0012618,BW,OBE,BW,Bhavesh,,,,"9060003968532",STANBIC BANK BOTSWANA LIMITED,"",,,,,,,true,false,,,2026-03-04 14:06:41.220,2026-03-04 14:06:41.220,,,,,,,,BWP,,false,,,,,,,,,,,,,,,,,
122,"002000898",BW,OBE,BW,Eft,,,,"64646449",BANK GABORONE LIMITED,"",,,,,,,true,false,,,2026-03-05 06:40:09.936,2026-03-05 06:40:09.936,,,,,,,,BWP,,false,,,,,,,,,,,,,,,,,
123,"002000898",BW,OBR,BW,Sadc test,,,,"9494949",FIRST NATIONAL BANK BOTSWANA LMITED,"",,,,,,,true,false,,,2026-03-05 06:41:57.779,2026-03-05 06:41:57.779,,,,,,,,BWP,,false,,,,,,,,,,,,,,,,,
124,"002000898",BW,WIB,BW,KULDIP SATVEER AVNEET JAGDEEP LAKHVIR RUPRAH,,,,"0020081251001",,,,,,,,,true,false,,,2026-03-05 06:47:55.191,2026-03-05 06:47:55.191,,,,,,,,BWP,,false,,,,,,,,,,,,,,,,,
125,R0012618,BW,IWL,BW,Orange Money,,,,"26775959478",,,,"832002419",Bhavesh@gmail.com,Bhavesh wallet,,,true,false,,,2026-03-05 09:32:55.748,2026-03-05 09:32:55.748,,,,,,BW-ORANGE-B2C,,BWP,,false,,,,,,,,,,,,,,,,,
126,"002000898",BW,INSW,MW,Amol pratiksha ,Winjit,Satpur,Nashik,"2514008376",FCB MALAWI,MAIN BRANCH,,"","","",FCBMWMW,"",true,false,false,,2026-03-05 11:41:53.798,2026-03-05 11:41:53.798,,,,,,"","",INR,,false,,,,,,,,,,,,,,,,,
120,R0012618,BW,OBR,BW,Bhavesh Magan,,,,"62848017720",FIRST NATIONAL BANK BOTSWANA LMITED,"",,,,,,,false,true,,,2026-03-04 13:48:56.805,2026-06-22 05:21:58.203,,,,,,,,BWP,,false,,,,,,,,,,,,,,,,,
128,R0012618,BW,INSW,ZA,Bhavesh Magan,Text,Tezt,City,"17377463839",SABIE;TVL 361, ,,"",Bdbsbdn,"",FIRNZAJJ,"",true,false,false,,2026-03-06 14:40:37.813,2026-03-06 14:40:37.813,,,,,,"","",USD,,,,,,,,,,,,,,,,,,,
129,R0012618,BW,INSW,ZA,First National Bank,City,City,Cury,"38399339",SABIE;TVL 361, ,,"","","",FIRNZAJJ,"",true,false,false,,2026-03-06 14:42:57.826,2026-03-06 14:42:57.826,,,,,,"","",INR,,,,,,,,,,,,,,,,,,,
130,"002011507",BW,IWL,BW,ORANGE-MONEY,,,,"98765432",,,,,,,,,true,false,,,2026-03-06 14:49:13.261,2026-03-06 14:49:13.261,,,,,,BW-ORANGE-B2C,,BWP,,,,,,,,,,,,,,,,,,,
131,"002011507",BW,IWL,BW,ORANGE-MONEY,,,,"456789",,,,,,,,,true,false,,,2026-03-07 10:51:01.991,2026-03-07 10:51:01.991,,,,,,ORANGE-MONEY,,BWP,,,,,,,,,,,,,,,,,,,
132,"002011507",BW,IWL,BW,ORANGE-MONEY,,,,"1234567",,,,,,,,,true,false,,,2026-03-09 05:08:43.399,2026-03-09 05:08:43.399,,,,,,ORANGE-MONEY,,BWP,,,,,,,,,,,,,,,,,,,
134,"002011507",BW,WIB,BW,BARBARA GAONE BOTHONGO,,,,"0020193231111",,,,,,,,,true,false,,,2026-03-10 06:33:46.838,2026-03-10 06:33:46.838,,,,,,,,BWP,,,,,,,,,,,,,,,,,,,
136,"002011507",BW,WIB,BW,BOTSWANA INSURANCE COMPANY LIMITED,,,,"0020009860101",,,,,,,,,true,false,,,2026-03-10 06:46:09.877,2026-03-10 06:46:09.877,,,,,,,,BWP,,,,,,,,,,,,,,,,,,,
137,"002011507",BW,OBE,BW,Test EFT,,,,"123456789",BANK OF INDIA (BOTSWANA) LIMITED,"",,,,,,,true,false,,,2026-03-10 07:00:16.924,2026-03-10 07:00:16.924,,,,,,,,BWP,,,,,,,,,,,,,,,,,,,
138,"002011507",BW,OBE,BW,Test EFT New,,,,"1518962",BANK OF INDIA (BOTSWANA) LIMITED,"",,,,,,,true,false,,,2026-03-10 07:07:07.317,2026-03-10 07:07:07.317,,,,,,,,BWP,,,,,,,,,,,,,,,,,,,
139,"002011507",BW,OBE,BW,Test EFTB,,,,"60221124980032",BANK OF INDIA (BOTSWANA) LIMITED,"",,,,,,,true,false,,,2026-03-10 07:08:47.276,2026-03-10 07:08:47.276,,,,,,,,BWP,,,,,,,,,,,,,,,,,,,
140,"002011507",BW,OBE,BW,Test EFTBB,,,,"9100002038541",BANK OF INDIA (BOTSWANA) LIMITED,"",,,,,,,true,false,,,2026-03-10 07:32:50.534,2026-03-10 07:32:50.534,,,,,,,,BWP,,,,,,,,,,,,,,,,,,,
141,"002011507",BW,OBR,BW,Test data eft,,,,"987654321",BANK GABORONE LIMITED,"",,,,,,,true,false,,,2026-03-10 08:25:30.773,2026-03-10 08:25:30.773,,,,,,,,BWP,,,,,,,,,,,,,,,,,,,
142,"002011507",BW,OBR,BW,EFT new,,,,"2345678",BANK GABORONE LIMITED,"",,,,,,,true,false,,,2026-03-10 08:39:56.725,2026-03-10 08:39:56.725,,,,,,,,BWP,BGLIBWGX,false,,,,,,,,,,,,,,,,,
143,"002011507",BW,OBR,BW,New eft,,,,"34567812",STANBIC BANK BOTSWANA LIMITED,"",,,,,,,true,false,,,2026-03-10 09:29:53.089,2026-03-10 09:29:53.089,,,,,,,,BWP,SBICBWGX,false,,,,,,,,,,,,,,,,,
144,"002011507",BW,INSW,,International ,Test,Test,Nasik,"525252552",FIRSTRAND BANK LIMITED,WATERFALL MALL 994,,"","","",FIRNZAJJ,"",true,false,false,,2026-03-10 10:02:50.305,2026-03-10 10:02:50.305,,,,,,"","",ZAR,,,,,,,,,,,,,,,,,,,
145,R0029116,BW,INSAD,ZA,USD bene,Nasik,Nasik,Nasik,"5345435",FIRSTRAND BANK LIMITED,WATERFALL MALL 994,,"","","",FIRNZAJJ,"",true,false,false,,2026-03-10 10:17:42.781,2026-03-10 10:17:42.781,,,,,,"","",USD,,,,,,,,,,,,,,,,,,,
146,R0029116,BW,INSW,ZA,ZAR bene,"4545","34543",Dugdh,"35345435",FIRSTRAND BANK LIMITED,WATERFALL MALL 994,,"","","",FIRNZAJJ,"",true,false,false,,2026-03-10 10:22:00.878,2026-03-10 10:22:00.878,,,,,,"","",ZAR,,,,,,,,,,,,,,,,,,,
147,R0029099,BW,WIB,BW,EMILY JANE,,,,"0020023561112",,,,,,,,,true,false,,,2026-03-10 11:32:42.903,2026-03-10 11:32:42.903,,,,,,,,BWP,,,,,,,,,,,,,,,,,,,
133,"002000353",BW,WIB,BW,TSHEGOFATSO KELONEILWE,,,,"0004503004080",,,,,,,,,false,true,,,2026-03-09 06:26:16.552,2026-03-10 13:12:12.624,,,,,,,,BWP,,,,,,,,,,,,,,,,,,,
150,"002000353",BW,OBE,BW,Testing,,,,"67875849",ACCESS BANK BOTSWANA LIMITED,"",,,,,,,true,false,,,2026-03-10 19:51:29.788,2026-03-10 19:51:29.788,,,,,,,,BWP,,,,,,,,,,,,,,,,,,,
151,"002000179",BW,WIB,BW,BARBARA GAONE BOTHONGO,,,,"0020193231111",,,,,,,,,false,true,,,2026-03-11 06:35:57.525,2026-03-11 07:03:28.460,,,,,,,,BWP,,,,,,,,,,,,,,,,,,,
153,R0029099,BW,INSAD,ZA,jasi,add1,add2,nasik,ggdhghjg,ABSA BANK LIMITED,JOHANNESBURG,,"","","",ABSAZAJJ,"",true,false,false,,2026-03-12 08:37:49.200,2026-03-12 08:37:49.200,,,,,,"","",EUR,,,,,,,,,,,,,,,,,,,
152,"002000179",BW,WIB,BW,MR H N AND MRS M ANADKAT,,,,"0020003531331",,,,,,,,,false,true,,,2026-03-11 07:04:25.310,2026-03-13 09:57:21.889,,,,,,,,BWP,,,,,,,,,,,,,,,,,,,
155,R0029099,BW,OBR,BW,gfhhc,,,,"123456789",FIRST NATIONAL BANK BOTSWANA LMITED,"",,,,,,,true,false,,,2026-03-16 13:08:59.768,2026-03-16 13:08:59.768,,,,,,,,BWP,FIRNBWGX,false,,,,,,,,,,,,,,,,,
157,R0012618,BW,WIB,BW,TUMELO MAPODISI,,,,"0015501031022",,,,,,Test,,,true,false,,,2026-03-18 08:44:49.498,2026-03-18 08:44:49.498,,,,,,,,BWP,,,,,,,,,,,,,,,,,,,
158,R0012618,BW,WIB,BW,LENKWETSE KEMSLEY,,,,"0020013141112",,,,,,,,,true,false,,,2026-03-18 14:30:05.791,2026-03-18 14:30:05.791,,,,,,,,BWP,,,,,,,,,,,,,,,,,,,
160,R0012618,BW,IWL,BW,ORANGE-MONEY,,,,"26772737665",,,,,,,,,true,false,,,2026-03-19 10:11:58.324,2026-03-19 10:11:58.324,,,,,,ORANGE-MONEY,,BWP,,,,,,,,,,,,,,,,,,,
161,R0012618,BW,WIB,BW,A V OCHUIZEN,,,,"0004501034812",,,,,,,,,true,false,,,2026-03-19 10:16:33.242,2026-03-19 10:16:33.242,,,,,,,,BWP,,,,,,,,,,,,,,,,,,,
154,R0020605,BW,OBR,BW,RTGS added,,,,"123123",BANK GABORONE LIMITED,"",,,,,,,true,false,true,,2026-03-16 12:44:41.407,2026-04-09 11:30:03.210,,,,,,,,BWP,BGLIBWGX,false,,,,,,,,,,,,,,,,,
149,"002000353",BW,OBR,BW,account,,,,"123456",ABSA BANK OF BOTSWANA,FRANCISTOWN(2917),,,,,,,false,true,,,2026-03-10 19:47:34.249,2026-04-27 18:03:27.685,,,,,,,,BWP,,,,,,,,,,,,,,,,,,,
127,R0012618,BW,INSW,ZA,First National Bank,,,,"62194896084",SABIE;TVL 361, ,,"","",FNB nickname,FIRNZAJJ,"",true,false,true,,2026-03-06 11:50:03.279,2026-06-22 05:05:05.816,,,,,,INSW,"",ZAR,,,,,,,,,,,,,,,,,,,
135,"002011507",BW,WIB,BW,TSHEGOFATSO KELONEILWE,,,,"0004503004080",,,,"71677161",gaonebubbles@yahoo.com,TshegoFCB,,,true,false,true,,2026-03-10 06:43:18.509,2026-07-02 15:24:35.641,,,,,,WIB,,BWP,,,,,,,,,,,,,,,,,,,
148,"002000353",BW,WIB,BW,TSHEGOFATSO KELONEILWE,,,,"0004503004080",,,,"54867676",,Tk,,,true,false,true,,2026-03-10 19:39:00.989,2026-07-09 16:48:56.883,,,,,,WIB,,BWP,,,,,,,,,,,,,,,,,,,
156,"002000353",BW,INSW,ZA,Skl,,,,"62434562519",WATERFALL MALL 994, ,,"","","",FIRNZAJJ,"",true,false,true,,2026-03-18 06:52:16.443,2026-07-09 16:49:15.694,,,,,,INSW,"",ZAR,,,,,,,,,,,,,,,,,,,
162,R0029099,BW,INSW,AD,ffghh,bn vb ,vbbb,vbbb,chbcbbb,CREDIT ANDORRA, ,,+6178695523,"","",CRDAADAD,"",true,false,false,,2026-03-23 09:46:25.837,2026-03-23 09:46:25.837,,,,,,"","",INR,,,,,,,,,,,,,,,,,,,
163,"002008125",BW,WIB,BW,K S RUPRAH,,,,"0003101003868",,,,,,,,,true,false,,,2026-03-23 11:42:32.961,2026-03-23 11:42:32.961,,,,,,,,BWP,,,,,,,,,,,,,,,,,,,
164,"002008125",BW,INSW,AF,Fghh,Guu,Huu,Ghu,"1234567",AFGHAN UNITED BANK, ,,"",Ghh@fyyu.in,"",AFGUAFKA,"",false,true,false,,2026-03-30 11:32:55.208,2026-04-01 11:41:40.502,,,,,,"","",EUR,,,,,,,,,,,,,,,,,,,
159,"002008125",BW,INSW,ZA,Test,,,,"123455679",QUIGNEY, ,,"1234567890",Test@gmail.com,Amol,NEDSZAJJ,"",true,false,false,,2026-03-19 08:07:44.141,2026-04-01 11:44:07.075,,,,,,INSW,"",ZAR,,,,,,,,,,,,,,,,,,,
166,"002008125",BW,INSW,IN,Mol,Bbb,Bcbbx,Box,"123456",ALLAHABAD BANK,CALCUTTA MAIN BRANCH,,+919988776655,"","",ALLAINBBCLM,"",true,false,false,,2026-04-07 10:31:19.241,2026-04-07 10:31:19.241,,,,,,"","",INR,,,,,,,,,,,,,,,,,,,
167,R0029099,BW,OBR,BW,Test Design,,,,"1518962",ABSA BANK OF BOTSWANA,FRANCISTOWN(2917),,,,,,,true,false,,,2026-04-08 03:35:27.060,2026-04-08 03:35:27.060,,,,,,,,BWP,BARCBWGX,true,"2917",,,,,,,,,,,,,,,,
168,R0029099,BW,INSW,IN,Test,Test,T3st,India,"12345678",AB BANK LIMITED, ,,+2471223456,"","",ABBLINBB,"",true,false,false,,2026-04-08 04:30:26.089,2026-04-08 04:30:26.089,,,,,,"","",INR,,,,,,,,,,,,,,,,,,,
165,R0029099,BW,IWL,BW,ORANGE-MONEY,,,,"0212220938",,,,,,,,,false,true,,,2026-04-03 07:35:52.649,2026-04-08 05:13:12.909,,,,,,ORANGE-MONEY,,BWP,,,,,,,,,,,,,,,,,,,
169,R0020605,BW,WIB,BW,NAVEED SHAIKH,,,,"0004501047348",,,,,,,,,true,false,,,2026-04-09 11:02:20.497,2026-04-09 11:02:20.497,,,,,,,,BWP,,,,,,,,,,,,,,,,,,,
170,"002011507",BW,INSW,ER,Test,Qae,Test,Nas,"123321",BANK OF ERITREA,BANK OF ERITREA,,+267580580,"","",BOERERAI,"",true,false,false,,2026-04-09 13:33:03.067,2026-04-09 13:33:03.067,,,,,,"","",USD,,,,,,,,,,,,,,,,,,,
171,"002000353",BW,IWL,BW,ORANGE-MONEY,,,,"78693258",,,,,,,,,true,false,,,2026-04-16 14:21:42.416,2026-04-16 14:21:42.416,,,,,,ORANGE-MONEY,,BWP,,,,,,,,,,,,,,,,,,,
172,"002001314",BW,OBR,BW,Tshego,,,,"2504000506",BANK OF INDIA (BOTSWANA) LIMITED,"",,,,,,,true,false,,,2026-04-20 03:40:53.816,2026-04-20 03:40:53.816,,,,,,,,BWP,BKIDBWGX,false,,,,,,,,,,,,,,,,,
173,R0023876,BW,OBR,BW,Div P,,,,"9812131415",BANK OF INDIA (BOTSWANA) LIMITED,"",,"9837847343",,,,,true,false,,,2026-04-21 05:47:59.436,2026-04-21 05:47:59.436,,,,,,,,BWP,BKIDBWGX,false,,,,,,,,,,,,,,,,,
177,"003001569",BW,OBR,BW,Ererer,,,,"123456789012",BANK GABORONE LIMITED,"",,,,,,,true,false,,,2026-04-27 08:57:49.346,2026-04-27 08:57:49.346,,,,,,,,BWP,BGLIBWGX,false,,,,,,,,,,,,,,,,,
183,R0029116,BW,BILL,BW,BOTS 1234,,,,,,,,,,"",,,true,false,false,,2026-04-27 10:12:06.302,2026-04-27 10:12:06.302,,,,,,,,,BW-PREPAID-ELECTRICITY,,,19,Utilities,3,Electricity,2,Botswana Power Corporation,"12345678",Meter Number,,,"""{}""",,,,,
184,R0029116,BW,BILL,BW,BOTS 2432,,,,,,,,,,"",,,true,false,false,,2026-04-27 10:19:31.347,2026-04-27 10:19:31.347,,,,,,,,,BW-PREPAID-ELECTRICITY,,,19,Utilities,3,Electricity,2,Botswana Power Corporation,"2432432",Meter Number,,,"""{}""",,,,,
185,R0029116,BW,BILL,BW,BOTS 2242,,,,,,,,,,"",,,true,false,false,,2026-04-27 10:20:49.636,2026-04-27 10:20:49.636,,,,,,,,,BW-PREPAID-ELECTRICITY,,,19,Utilities,3,Electricity,2,Botswana Power Corporation,"2242424242",Meter Number,,,"""{}""",,,,,
186,R0029116,BW,BILL,BW,BOTS 5756,,,,,,,,,,"",,,true,false,false,,2026-04-27 10:22:22.418,2026-04-27 10:22:22.418,,,,,,,,,BW-PREPAID-ELECTRICITY,,,19,Utilities,3,Electricity,2,Botswana Power Corporation,"5756765",Meter Number,,,"""{}""",,,,,
187,R0029116,BW,BILL,BW,BOTS 4234,,,,,,,,,,"",,,true,false,false,,2026-04-27 10:34:01.379,2026-04-27 10:34:01.379,,,,,,,,,BW-PREPAID-ELECTRICITY,,,19,Utilities,3,Electricity,2,Botswana Power Corporation,"4234324",Meter Number,,,"""{}""",,,,,
188,R0029116,BW,BILL,BW,BOTS 5656,,,,,,,,,,"",,,true,false,false,,2026-04-27 10:36:04.055,2026-04-27 10:36:04.055,,,,,,,,,BW-PREPAID-ELECTRICITY,,,19,Utilities,3,Electricity,2,Botswana Power Corporation,"565656",Meter Number,,,"""{\""accountNumber\"":\""565656\"",\""customerName\"":\""rytry\""}""",,,,,
189,R0029116,BW,BILL,BW,BOTS 7890,,,,,,,,,,"",,,true,false,false,,2026-04-27 10:36:35.390,2026-04-27 10:36:35.390,,,,,,,,,BW-PREPAID-ELECTRICITY,,,19,Utilities,3,Electricity,2,Botswana Power Corporation,"7890",Meter Number,,,"""{\""accountNumber\"":\""7890\"",\""customerName\"":\""amruta\""}""",,,,,
190,R0029116,BW,BILL,BW,BOTS 4324,,,,,,,,,,"",,,true,false,false,,2026-04-27 10:44:46.202,2026-04-27 10:44:46.202,,,,,,,,,BW-PREPAID-ELECTRICITY,,,19,Utilities,3,Electricity,2,Botswana Power Corporation,"4324",Meter Number,,,"{""accountNumber"":""4324"",""customerName"":""jasmeet""}",,,,,
191,R0029116,BW,BILL,BW,BOTS 7709,,,,,,,,,,"",,,true,false,false,,2026-04-27 11:23:36.697,2026-04-27 11:23:36.697,,,,,,,,,BW-PREPAID-ELECTRICITY,,,19,Utilities,3,Electricity,2,Botswana Power Corporation,"770956",Meter Number,,,"{""accountNumber"":""770956"",""customerName"":""am""}",,,,,
192,R0029116,BW,BILL,BW,BOTS 9090,,,,,,,,,,"",,,true,false,false,,2026-04-27 11:25:10.022,2026-04-27 11:25:10.022,,,,,,,,,BW-PREPAID-ELECTRICITY,,,19,Utilities,3,Electricity,2,Botswana Power Corporation,"9090",Meter Number,,,"{""accountNumber"":""9090"",""customerName"":""jojo""}",,,,,
194,R0029116,BW,BILL,BW,BOTS 2343,,,,,,,,,,"",,,true,false,false,,2026-04-27 15:55:00.217,2026-04-27 15:55:00.217,,,,,,,,,BW-PREPAID-ELECTRICITY,,,19,Utilities,3,Electricity,2,Botswana Power Corporation,"2343411",Meter Number,,,"{""accountNumber"":""2343411"",""customerName"":""fgg""}",,,,,
196,"002000353",BW,OBE,BW,Tshego absa,,,,"1518962",ABSA BANK OF BOTSWANA,FRANCISTOWN(2917),,,,,,,true,false,,,2026-04-27 16:15:01.100,2026-04-27 16:15:01.100,,,,,,,,BWP,BARCBWGX,true,"2917",,,,,,,,,,,,,,,,
197,R0029116,BW,BILL,BW,DSTV 2132,,,,,,,,,,"",,,true,false,false,,2026-04-28 06:09:26.897,2026-04-28 06:09:26.897,,,,,,,,,BW-DSTV,,,17,Lifestyle and Services,2,Entertainment /Pay TV,1,DSTV Payments,"2132323",Smartcard Number,,,"{""accountNumber"":""2132323"",""customerName"":""dsfds""}",,,,,
199,"002000353",BW,OBR,BW,Qaee,,,,"123456789",QABWTEST,B1,,,,,,,true,false,,,2026-04-28 12:05:53.921,2026-04-28 12:05:53.921,,,,,,,,BWP,"12345",true,"001",,,,,,,,,,,,,,,,
200,"002000353",BW,OBE,BW,Qaqa,,,,"36903690",QABWTEST,B1,,,,,,,true,false,,,2026-04-28 12:07:18.699,2026-04-28 12:07:18.699,,,,,,,,BWP,"12345",true,"001",,,,,,,,,,,,,,,,
201,"002000353",BW,OBR,BW,Qwys,,,,"123123",BANK OF INDIA (BOTSWANA) LIMITED,"",,,,,,,true,false,,,2026-04-28 12:14:58.406,2026-04-28 12:14:58.406,,,,,,,,BWP,BKIDBWGX,false,,,,,,,,,,,,,,,,,
202,R0023876,BW,WIB,BW,KULDIP SATVEER AVNEET JAGDEEP LAKHVIR RUPRAH,,,,"0020081251001",,,,,,,,,true,false,,,2026-04-29 11:40:38.308,2026-04-29 11:40:38.308,,,,,,,,BWP,,,,,,,,,,,,,,,,,,,
203,R0023876,BW,WIB,BW,KYNN ROBERTSON-BULLOCK,,,,"0003501026351",,,,,,,,,true,false,true,,2026-04-29 11:41:50.089,2026-04-29 11:44:06.578,,,,,,,,BWP,,,,,,,,,,,,,,,,,,,
204,R0023876,BW,INSW,MX,Jay,New street,West,Mumbai,"09876543",AUDI MEXICO,AUDI MEXICO,,"","","",AUMXMXM1,"",true,false,false,,2026-04-29 11:46:57.702,2026-04-29 11:46:57.702,,,,,,"","",BWP,,,,,,,,,,,,,,,,,,,
205,R0023876,BW,IWL,BW,ORANGE-MONEY,,,,"949494994",,,,,,,,,true,false,,,2026-04-29 11:58:38.870,2026-04-29 11:58:38.870,,,,,,ORANGE-MONEY,,BWP,,,,,,,,,,,,,,,,,,,
206,R0023876,BW,IWL,BW,ORANGE-MONEY,,,,"100000000",,,,,,,,,true,false,,,2026-04-29 11:59:21.731,2026-04-29 11:59:21.731,,,,,,ORANGE-MONEY,,BWP,,,,,,,,,,,,,,,,,,,
208,R0023876,BW,OBR,BW,Tayne,,,,"986532",STANBIC BANK BOTSWANA LIMITED,"",,,,,,,true,false,,,2026-04-29 14:23:37.119,2026-04-29 14:23:37.119,,,,,,,,BWP,SBICBWGX,false,,,,,,,,,,,,,,,,,
209,R0029116,BW,BILL,BW,BOTS 7878,,,,,,,,,,"",,,true,false,false,,2026-04-29 15:58:04.566,2026-04-29 15:58:04.566,,,,,,,,,BW-PREPAID-ELECTRICITY,,,19,Utilities,3,Electricity,2,Botswana Power Corporation,"7878",Meter Number,,,"{""accountNumber"":""7878"",""customerName"":""ami""}",,,,,
211,R0012618,BW,INSW,ZA,Test,Test,Test,Jhb,"123456",ABSA BANK LIMITED,ABSA BANK LIMITED,,+26712345678,"","",ABSAZAJJ,"",true,false,false,,2026-04-30 14:20:08.004,2026-04-30 14:20:08.004,,,,,,"","",USD,,,,,,,,,,,,,,,,,,,
193,R0012618,BW,OBR,BW,Test,,,,"123456789",FIRST NATIONAL BANK BOTSWANA LMITED,"",,,,,,,false,true,,,2026-04-27 13:10:38.926,2026-06-22 05:21:29.704,,,,,,,,BWP,FIRNBWGX,false,,,,,,,,,,,,,,,,,
198,R0012618,BW,WIB,BW,GAONE EUNICE MOGALEEMANG,,,,"0020115071111",,,,"","",,,,true,false,true,,2026-04-28 08:29:06.146,2026-06-23 10:54:20.417,,,,,,WIB,,BWP,,,,,,,,,,,,,,,,,,,
182,"002011507",BW,INSW,ZA,Gaone Mogaleemang ,,,,"6243452519",FIRSTRAND BANK LTD HEAD OFFICE INCL. DIVISIONS FIRST NATIONAL BANK  FNB CORPORAT,SAVEWAYS WITBANK 851,,+26771677161,gaonemoles@gmail.com,"",FIRNZAJJ,"",true,false,true,,2026-04-27 09:56:25.316,2026-07-02 16:10:05.400,,,,,,INSW,"",ZAR,,,,,,,,,,,,,,,,,,,
207,R0023876,BW,OBR,BW,New test,,,,"9865329865",FIRST NATIONAL BANK BOTSWANA LMITED,"",,,,,,,true,false,true,,2026-04-29 14:18:46.487,2026-07-15 11:17:13.265,,,,,,,,BWP,FIRNBWGX,false,,,,,,,,,,,,,,,,,
212,"002000925",BW,OBR,BW,Test,,,,"3690036900",ACCESS BANK BOTSWANA LIMITED,"",,,,,,,true,false,,,2026-05-06 09:24:37.058,2026-05-06 09:24:37.058,,,,,,,,BWP,FMBZBWGA,false,,,,,,,,,,,,,,,,,
213,"002000179",BW,WIB,BW,DAKSHA DOHARA,,,,"0020001811001",,,,,,,,,true,false,,,2026-05-06 09:48:37.259,2026-05-06 09:48:37.259,,,,,,,,BWP,,,,,,,,,,,,,,,,,,,
215,"002000179",BW,IWL,BW,ORANGE-MONEY,,,,"8764",,,,,,,,,true,false,,,2026-05-06 10:12:12.649,2026-05-06 10:12:12.649,,,,,,ORANGE-MONEY,,BWP,,,,,,,,,,,,,,,,,,,
216,"002000179",BW,OBR,BW,Zim test,,,,"142536",BANK GABORONE BOTSWANA LIMITED,"",,,,,,,true,false,,,2026-05-06 11:42:21.094,2026-05-06 11:42:21.094,,,,,,,,BWP,BGLIBWGX,false,,,,,,,,,,,,,,,,,
218,"002000179",BW,IWL,BW,ORANGE-MONEY,,,,"26778693258",,,,"85466194",,,,,true,false,,,2026-05-06 12:44:42.336,2026-05-06 12:44:42.336,,,,,,BW-ORANGE-B2C,,BWP,,,,,,,,,,,,,,,,,,,
219,"002000179",BW,IWL,BW,ORANGE-MONEY,,,,"26775959478",,,,"8845164312",,,,,true,false,,,2026-05-06 12:45:35.288,2026-05-06 12:45:35.288,,,,,,BW-ORANGE-B2C,,BWP,,,,,,,,,,,,,,,,,,,
220,"002000925",BW,WIB,BW,SHERBANOO MOHAMMED DADA,,,,"0020009251001",,,,,,,,,true,false,,,2026-05-08 09:58:45.888,2026-05-08 09:58:45.888,,,,,,,,BWP,,,,,,,,,,,,,,,,,,,
222,R0029476,BW,INSW,JO,Trustlink swift,Botswana,New street,XYZ,"918273645",AJIAD FOR SECURITIES,AJIAD FOR SECURITIES,,"","","",AJSEJOA1,"",true,false,false,,2026-05-08 10:27:27.999,2026-05-08 10:27:27.999,,,,,,"","",BWP,,,,,,,,,,,,,,,,,,,
223,R0029476,BW,OBR,BW,New Bene,,,,"235689",FIRST NATIONAL BANK BOTSWANA LMITED,"",,,,,,,true,false,,,2026-05-08 11:23:55.747,2026-05-08 11:23:55.747,,,,,,,,BWP,FIRNBWGX,false,,,,,,,,,,,,,,,,,
224,R0029476,BW,OBR,BW,RTGS Account,,,,"968574",STANDARD CHARTERED BANK BOTSWANA LTD,"",,,,,,,true,false,,,2026-05-08 11:42:09.864,2026-05-08 11:42:09.864,,,,,,,,BWP,SCHBBWGX,false,,,,,,,,,,,,,,,,,
225,R0029476,BW,INSW,MX,Testing Swift,Link road,West,Xyz,"90102030",ACCIONES Y VALORES DE MEXICO  S.A. DE C.V. CASA DE BOLSA,ACCIONES Y VALORES DE MEXICO,,"","","",ACVLMXMM,"",true,false,false,,2026-05-08 11:45:24.361,2026-05-08 11:45:24.361,,,,,,"","",BWP,,,,,,,,,,,,,,,,,,,
226,R0029476,BW,OBR,BW,LKJH,,,,"643197",BANK GABORONE LIMITED,"",,,,,,,true,false,,,2026-05-08 12:16:00.334,2026-05-08 12:16:00.334,,,,,,,,BWP,BGLIBWGX,false,,,,,,,,,,,,,,,,,
227,"002000925",BW,OBR,BW,abab,,,,"12345",BANK OF INDIA (BOTSWANA) LIMITED,"",,,,,,,true,false,,,2026-05-11 10:09:47.462,2026-05-11 10:09:47.462,,,,,,,,BWP,BKIDBWGX,false,,,,,,,,,,,,,,,,,
230,R0029476,BW,OBR,BW,Astor,,,,"973164",FIRST NATIONAL BANK BOTSWANA LMITED,"",,,,,,,true,false,,,2026-05-12 11:03:08.904,2026-05-12 11:03:08.904,,,,,,,,BWP,FIRNBWGX,false,,,,,,,,,,,,,,,,,
232,R0029116,BW,BILL,BW,MASC 4353,,,,,,,,,,Nick name,,,true,false,false,,2026-05-12 12:45:15.389,2026-05-12 12:45:15.389,,,,,,,,,BW-MASCOM-AIRTIME,,,15,Lifestyle and Services,2,Entertainment /Pay TV,1,Mascom Airtime,"4353463465",Mobile Number,,,"{""accountNumber"":""4353463465"",""customerName"":""Dahod""}",,,,,
233,R0029116,BW,BILL,BW,MASC 5656,,,,,,,,,,Nick,,,true,false,false,,2026-05-12 12:51:37.779,2026-05-12 12:51:37.779,,,,,,,,,BW-MASCOM-AIRTIME,,,15,Lifestyle and Services,2,Entertainment /Pay TV,1,Mascom Airtime,"5656566446",Mobile Number,,,"{""accountNumber"":""5656566446"",""customerName"":""Fiona""}",,,,,
234,R0029116,BW,BILL,BW,BOTS 2324,,,,,,,,,,Sfs,,,true,false,false,,2026-05-12 12:53:49.057,2026-05-12 12:53:49.057,,,,,,,,,BW-PREPAID-ELECTRICITY,,,19,Utilities,3,Electricity,2,Botswana Power Corporation,"23242",Meter Number,,,"{""accountNumber"":""23242"",""customerName"":""Power""}",,,,,
235,R0029476,BW,OBR,BW,Bene test,,,,"20583917",STANDARD CHARTERED BANK BOTSWANA LTD,"",,,,,,,true,false,,,2026-05-12 13:07:29.911,2026-05-12 13:07:29.911,,,,,,,,BWP,SCHBBWGX,false,,,,,,,,,,,,,,,,,
236,R0012618,BW,BILL,BW,DSTV 1234,,,,,,,,,,,,,true,false,false,,2026-05-12 14:31:41.175,2026-05-12 14:31:41.175,,,,,,,,,BW-DSTV-BOXOFFICE,,,18,Lifestyle and Services,2,Entertainment /Pay TV,1,DSTV Box Office,"12341234",Smartcard Number,,,"{""accountNumber"":""12341234"",""customerName"":""Sure""}",,,,,
237,"002000179",BW,INSW,ZA,Test,Test,Test,Jhb,"1234567890",FIRSTRAND BANK LTD HEAD OFFICE INCL. DIVISIONS FIRST NATIONAL BANK  FNB CORPORAT,SAVEWAYS WITBANK 851,,+267123456,"","",FIRNZAJJ,"",true,false,false,,2026-05-13 04:56:25.329,2026-05-13 04:56:25.329,,,,,,"","",USD,,,,,,,,,,,,,,,,,,,
228,R0029476,BW,WIB,BW,A V OCHUIZEN,,,,"0004501034812",,,,"","",,,,true,false,true,,2026-05-11 14:35:32.387,2026-05-13 13:18:00.437,,,,,,WIB,,BWP,,,,,,,,,,,,,,,,,,,
239,R0014359,BW,BILL,BW,Orange Airtime,,,,,,,,"","",,,,false,true,true,,2026-05-13 10:58:33.591,2026-05-13 11:14:08.862,,,,,,BILL,,,BW-ORANGE-AIRTIME,,,16,Airtime and Data,1,Airtime and Data,,Orange Airtime,,,,,"{""accountNumber"":""2677717671"",""customerName"":""Amol""}",,,,,
241,R0014359,BW,BILL,BW,BOTS 5566,,,,,,,,,,,,,true,false,false,,2026-05-13 12:00:24.489,2026-05-13 12:00:24.489,,,,,,,,,BW-PREPAID-ELECTRICITY,,,19,Utilities,3,Electricity,2,Botswana Power Corporation,"55666777778888677788888887665555566666432245789998",Meter Number,,,"{""accountNumber"":""55666777778888677788888887665555566666432245789998"",""customerName"":""Power""}",,,,,
242,R0014359,BW,BILL,BW,DSTV 1234,,,,,,,,,,,,,true,false,false,,2026-05-13 12:12:00.737,2026-05-13 12:12:00.737,,,,,,,,,BW-DSTV,,,17,Lifestyle and Services,2,Entertainment /Pay TV,1,DSTV Payments,"1234567890",Smartcard Number,,,"{""accountNumber"":""1234567890"",""customerName"":""sarv""}",,,,,
243,R0014359,BW,BILL,BW,DSTV 1234,,,,,,,,,,,,,true,false,false,,2026-05-13 12:39:00.928,2026-05-13 12:39:00.928,,,,,,,,,BW-DSTV-BOXOFFICE,,,18,Lifestyle and Services,2,Entertainment /Pay TV,1,DSTV Box Office,"123445",Smartcard Number,,,"{""accountNumber"":""123445"",""customerName"":""Box""}",,,,,
244,R0012618,BW,BILL,BW,DSTV 1234,,,,,,,,,,"",,,true,false,false,,2026-05-13 14:06:28.667,2026-05-13 14:06:28.667,,,,,,,,,BW-DSTV,,,17,Lifestyle and Services,2,Entertainment /Pay TV,1,DSTV Payments,"123456",Smartcard Number,,,"{""accountNumber"":""123456"",""customerName"":""Fsgs""}",,,,,
247,R0012618,BW,BILL,BW,DSTV 1234,,,,,,,,,,"",,,true,false,false,,2026-05-13 14:42:53.530,2026-05-13 14:42:53.530,,,,,,,,,BW-DSTV,,,17,Lifestyle and Services,2,Entertainment /Pay TV,1,DSTV Payments,"1234568",Smartcard Number,,,"{""accountNumber"":""1234568"",""customerName"":""Test""}",,,,,
229,R0029476,BW,WIB,BW,WALK-IN CUSTOMER (FRANCISTOWN),,,,"0030015690101",,,,"","",,,,true,false,true,,2026-05-12 05:51:33.155,2026-05-13 13:14:29.774,,,,,,WIB,,BWP,,,,,,,,,,,,,,,,,,,
221,R0029476,BW,OBR,BW,Trustlink,,,,"976431",FIRST NATIONAL BANK BOTSWANA LMITED,"",,"","",,,,true,false,true,,2026-05-08 10:23:31.930,2026-05-13 13:14:39.213,,,,,,OBR,,BWP,FIRNBWGX,,,,,,,,,,,,,,,,,,
231,R0029476,BW,INSW,SA,Nanm,,,,"1029384756",AL INMA BANK,AL INMA BANK,,"","","",INMASARI,"",true,false,true,,2026-05-12 11:17:03.332,2026-05-13 13:14:47.698,,,,,,INSW,"",ZAR,,,,,,,,,,,,,,,,,,,
245,R0012618,BW,BILL,BW,BOTS 1234,,,,,,,,,,Ok,,,true,false,false,,2026-05-13 14:08:59.170,2026-05-13 14:08:59.170,,,,,,,,,BW-PREPAID-ELECTRICITY,,,19,Utilities,3,Electricity,2,Botswana Power Corporation,"1234567",Meter Number,,,"{""accountNumber"":""1234567"",""customerName"":""Test""}",,,,,
246,R0012618,BW,BILL,BW,ORAN 7038,,,,,,,,,,G,,,true,false,false,,2026-05-13 14:17:45.875,2026-05-13 14:17:45.875,,,,,,,,,BW-ORANGE-AIRTIME,,,16,Airtime and Data,1,Airtime and Data,,Orange Airtime,"7038785015",Mobile Number,,,"{""accountNumber"":""7038785015"",""customerName"":""Sushil shinde ""}",,,,,
248,R0012618,BW,BILL,BW,BOTS 1234,,,,,,,,,,"",,,true,false,false,,2026-05-13 14:43:27.579,2026-05-13 14:43:27.579,,,,,,,,,BW-PREPAID-ELECTRICITY,,,19,Utilities,3,Electricity,2,Botswana Power Corporation,"123455",Meter Number,,,"{""accountNumber"":""123455"",""customerName"":""Thgg""}",,,,,
250,R0012618,BW,BILL,BW,DSTV 123,,,,,,,,,,"",,,true,false,false,,2026-05-13 14:49:00.933,2026-05-13 14:49:00.933,,,,,,,,,BW-DSTV,,,17,Lifestyle and Services,2,Entertainment /Pay TV,1,DSTV Payments,"123",Smartcard Number,,,"{""accountNumber"":""123"",""customerName"":""Qwerty""}",,,,,
240,R0014359,BW,BILL,BW,ORAN 2677,,,,,,,,,,Amol,,,true,false,false,,2026-05-13 11:26:52.931,2026-06-18 11:26:37.293,,,,,,BILL,,,,,,16,Airtime and Data,1,Airtime and Data,,Orange Airtime,,,,,"{""accountNumber"":""2677717671"",""customerName"":""Amol""}",,,,,
217,R0012618,BW,OBR,BW,Magan,,,,"987654321",STANBIC BANK BOTSWANA LIMITED,"",,,,,,,false,true,,,2026-05-06 11:50:26.641,2026-06-22 05:21:43.425,,,,,,,,BWP,SBICBWGX,false,,,,,,,,,,,,,,,,,
249,R0012618,BW,BILL,BW,Orange Airtime,,,,,,,,,,Aarati,,,true,false,true,,2026-05-13 14:47:38.815,2026-06-22 05:07:13.716,,,,,,BILL,,,,,,16,Airtime and Data,,"",,Orange Airtime,,,,,"{""Airtime for"":""Aarati Gayakwad - Waikar"",""Mobile number"":""9545027177""}",,,,,
214,"002000179",BW,OBR,BW,New test,,,,"875421",FIRST NATIONAL BANK BOTSWANA LMITED,"",,"9191910099","","",,,true,false,,,2026-05-06 10:05:47.873,2026-07-17 10:08:06.923,,,,,,OBR,,BWP,,,,,,,,,,,,,,,,,,,
210,"002000179",BW,OBR,BW,Tsgs,,,,"25662566",BANK GABORONE LIMITED,"",,"","",,,,true,false,true,,2026-04-30 04:04:27.326,2026-05-14 05:52:20.565,,,,,,OBR,,BWP,BGLIBWGX,,,,,,,,,,,,,,,,,,
251,"002000179",BW,OBR,BW,Test,,,,"123456789",FIRST NATIONAL BANK BOTSWANA LMITED,"",,,,,,,true,false,,,2026-05-14 06:37:51.157,2026-05-14 06:37:51.157,,,,,,,,BWP,FIRNBWGX,false,,,,,,,,,,,,,,,,,
252,R0014359,BW,INSW,ZA,Amol,Abc,Abc,Nsk,"1234567890",ABAX INVESTMENTS,ABAX INVESTMENTS,,+2671234567890,"","",ABIVZAJ1,"",true,false,false,,2026-05-14 06:44:12.399,2026-05-14 06:44:12.399,,,,,,"","",BWP,,,,,,,,,,,,,,,,,,,
253,R0014359,BW,BILL,BW,DSTV 123,,,,,,,,,,"",,,true,false,false,,2026-05-14 12:39:46.818,2026-05-14 12:39:46.818,,,,,,,,,BW-DSTV,,,17,Lifestyle and Services,2,Entertainment /Pay TV,1,DSTV Payments,"123",Smartcard Number,,,"{""accountNumber"":""123"",""customerName"":""Fh""}",,,,,
254,R0029476,BW,WIB,BW,KULDIP SATVEER AVNEET JAGDEEP LAKHVIR RUPRAH,,,,"0020081251001",,,,,,,,,true,false,,,2026-05-14 12:41:16.060,2026-05-14 12:41:16.060,,,,,,,,BWP,,,,,,,,,,,,,,,,,,,
255,R0029476,BW,WIB,BW,KYNN ROBERTSON-BULLOCK,,,,"0003501026351",,,,,,,,,true,false,,,2026-05-14 12:42:31.869,2026-05-14 12:42:31.869,,,,,,,,BWP,,,,,,,,,,,,,,,,,,,
256,R0012618,BW,BILL,BW,DSTV 1425,,,,,,,,,,Twst,,,true,false,false,,2026-05-14 13:03:28.878,2026-05-14 13:03:28.878,,,,,,,,,BW-DSTV,,,17,Lifestyle and Services,2,Entertainment /Pay TV,1,DSTV Payments,"142563363",Smartcard Number,,,"{""accountNumber"":""142563363"",""customerName"":""Test""}",,,,,
257,R0012618,BW,BILL,BW,DSTV 5262,,,,,,,,,,Tgs,,,true,false,false,,2026-05-14 13:04:15.663,2026-05-14 13:04:15.663,,,,,,,,,BW-DSTV-BOXOFFICE,,,18,Lifestyle and Services,2,Entertainment /Pay TV,1,DSTV Box Office,"5262626",Smartcard Number,,,"{""accountNumber"":""5262626"",""customerName"":""Tets""}",,,,,
258,R0012618,BW,BILL,BW,DSTV 1231,,,,,,,,,,Test,,,true,false,false,,2026-05-14 13:06:25.497,2026-05-14 13:06:25.497,,,,,,,,,BW-DSTV,,,17,Lifestyle and Services,2,Entertainment /Pay TV,1,DSTV Payments,"123123",Smartcard Number,,,"{""accountNumber"":""123123"",""customerName"":""Test""}",,,,,
263,"002000925",BW,BILL,BW,DSTV 1445,,,,,,,,,,"",,,true,false,false,,2026-05-15 07:57:20.757,2026-05-15 07:57:20.757,,,,,,,,,BW-DSTV,,,17,Lifestyle and Services,2,Entertainment /Pay TV,1,DSTV Payments,"14455",Smartcard Number,,,"{""accountNumber"":""14455"",""customerName"":""Df""}",,,,,
264,"002000925",BW,BILL,BW,DSTV 1234,,,,,,,,,,Test,,,true,false,false,,2026-05-15 08:51:29.505,2026-05-15 08:51:29.505,,,,,,,,,BW-DSTV-BOXOFFICE,,,18,Lifestyle and Services,2,Entertainment /Pay TV,1,DSTV Box Office,"1234445566",Smartcard Number,,,"{""accountNumber"":""1234445566"",""customerName"":""Test""}",,,,,
277,"002000925",BW,OBR,BW,Test,,,,"2588825888",FIRST NATIONAL BANK BOTSWANA LMITED,"",,,,,,,true,false,,,2026-05-19 15:57:54.542,2026-05-19 15:57:54.542,,,,,,,,BWP,FIRNBWGX,false,,,,,,,,,,,,,,,,,
261,"002000925",BW,BILL,BW,DSTV 1233,,,,,,,,,,Testing,,,true,false,false,,2026-05-15 07:52:04.472,2026-05-15 09:10:45.668,,,,,,BILL,,,,,,17,Lifestyle and Services,2,Entertainment /Pay TV,,DSTV Payments,,,,,"{""accountNumber"":""1233"",""customerName"":""Te""}",,,,,
278,"002000925",BW,OBE,BW,Yshhs,,,,"36993699",BANK OF BOTSWANA,"",,,,,,,true,false,,,2026-05-19 15:59:27.686,2026-05-19 15:59:27.686,,,,,,,,BWP,BBOTBWGX,false,,,,,,,,,,,,,,,,,
259,"002000925",BW,BILL,BW,Botswana Power Corporation,,,,,,,,"","","",,,true,false,true,,2026-05-15 07:47:36.460,2026-05-15 09:54:51.579,,,,,,BILL,,,BW-PREPAID-ELECTRICITY,,,19,Utilities,3,Electricity,2,Botswana Power Corporation,,,,,"{""accountNumber"":""1234567"",""customerName"":""Testb""}",,,,,
260,"002000925",BW,BILL,BW,DSTV Payments,,,,,,,,"","","",,,true,false,true,,2026-05-15 07:48:25.192,2026-05-15 09:55:45.346,,,,,,BILL,,,,,,17,Lifestyle and Services,2,Entertainment /Pay TV,,DSTV Payments,,,,,"{""accountNumber"":""1234455"",""customerName"":""Testing""}",,,,,
262,"002000925",BW,BILL,BW,DSTV 1233,,,,,,,,,,Tea,,,true,false,false,,2026-05-15 07:52:56.853,2026-05-15 09:57:29.437,,,,,,BILL,,,,,,17,Lifestyle and Services,2,Entertainment /Pay TV,,DSTV Payments,,,,,"{""accountNumber"":""12331425555666666667777777777727662626626262636363"",""customerName"":""Te""}",,,,,
265,"002000925",BW,BILL,BW,BOTS 1562,,,,,,,,,,"",,,true,false,false,,2026-05-15 10:56:19.372,2026-05-15 10:56:19.372,,,,,,,,,BW-PREPAID-ELECTRICITY,,,19,Utilities,3,Electricity,2,Botswana Power Corporation,"156262636",Meter Number,,,"{""accountNumber"":""156262636"",""customerName"":""Fags""}",,,,,
266,"002000925",BW,BILL,BW,DSTV 1351,,,,,,,,,,"",,,true,false,false,,2026-05-15 10:59:58.486,2026-05-15 10:59:58.486,,,,,,,,,BW-DSTV,,,17,Lifestyle and Services,2,Entertainment /Pay TV,1,DSTV Payments,"13515151",Smartcard Number,,,"{""accountNumber"":""13515151"",""customerName"":""Gsgs""}",,,,,
267,"002000925",BW,BILL,BW,DSTV 1255,,,,,,,,,,"",,,true,false,false,,2026-05-15 13:48:25.554,2026-05-15 13:48:25.554,,,,,,,,,BW-DSTV,,,17,Lifestyle and Services,2,Entertainment /Pay TV,1,DSTV Payments,"1255225",Smartcard Number,,,"{""accountNumber"":""1255225"",""customerName"":""Sushil""}",,,,,
268,R0029116,BW,IWL,BW,ORANGE-MONEY,,,,"1234567",,,,"787878888788877",,,,,true,false,,,2026-05-17 11:20:04.520,2026-05-17 11:20:04.520,,,,,,BW-ORANGE-B2C,,BWP,,,,,,,,,,,,,,,,,,,
269,"002000925",BW,OBE,BW,Ete,,,,"123456",ACCESS BANK BOTSWANA LIMITED,"",,,,,,,true,false,,,2026-05-19 14:19:55.995,2026-05-19 14:19:55.995,,,,,,,,BWP,FMBZBWGA,false,,,,,,,,,,,,,,,,,
270,"002000925",BW,OBE,BW,Tedt,,,,"123456789",BANK OF BOTSWANA,"",,,,,,,true,false,,,2026-05-19 14:37:57.366,2026-05-19 14:37:57.366,,,,,,,,BWP,BBOTBWGX,false,,,,,,,,,,,,,,,,,
271,"002000925",BW,OBE,BW,Test,,,,"1234567",ACCESS BANK BOTSWANA LIMITED,"",,,,,,,true,false,,,2026-05-19 14:40:52.137,2026-05-19 14:40:52.137,,,,,,,,BWP,FMBZBWGA,false,,,,,,,,,,,,,,,,,
272,"002000925",BW,WIB,BW,GAONE EUNICE MOGALEEMANG,,,,"0020115071111",,,,"2580258",,,,,true,false,,,2026-05-19 14:42:17.979,2026-05-19 14:42:17.979,,,,,,,,BWP,,,,,,,,,,,,,,,,,,,
273,"002000925",BW,BILL,BW,BOTS 1244,,,,,,,,,,"",,,true,false,false,,2026-05-19 15:39:35.786,2026-05-19 15:39:35.786,,,,,,,,,BW-PREPAID-ELECTRICITY,,,19,Utilities,3,Electricity,2,Botswana Power Corporation,"124455",Meter Number,,,"{""accountNumber"":""124455"",""customerName"":""Twst""}",,,,,
274,"002000925",BW,BILL,BW,MASC 7038,,,,,,,,,,"",,,true,false,false,,2026-05-19 15:40:08.602,2026-05-19 15:40:08.602,,,,,,,,,BW-MASCOM-AIRTIME,,,15,Airtime and Data,1,Airtime and Data,,Mascom Airtime,"7038785015",Mobile Number,,,"{""accountNumber"":""7038785015"",""customerName"":""Tedd""}",,,,,
275,"002000925",BW,BILL,BW,DSTV 1234,,,,,,,,,,"",,,true,false,false,,2026-05-19 15:40:40.803,2026-05-19 15:40:40.803,,,,,,,,,BW-DSTV,,,17,Lifestyle and Services,2,Entertainment /Pay TV,1,DSTV Payments,"12344",Smartcard Number,,,"{""accountNumber"":""12344"",""customerName"":""Tg""}",,,,,
276,"002000925",BW,OBR,BW,Sushil shinde,,,,"2580025800",FIRST NATIONAL BANK BOTSWANA LMITED,"",,,,,,,true,false,,,2026-05-19 15:41:43.492,2026-05-19 15:41:43.492,,,,,,,,BWP,FIRNBWGX,false,,,,,,,,,,,,,,,,,
279,"002000925",BW,OBR,BW,Taba,,,,"14771477",ACCESS BANK BOTSWANA LIMITED,"",,,,,,,true,false,,,2026-05-19 16:00:30.904,2026-05-19 16:00:30.904,,,,,,,,BWP,FMBZBWGA,false,,,,,,,,,,,,,,,,,
280,"002000925",BW,OBR,BW,Fzgs,,,,"58005800",FIRST NATIONAL BANK BOTSWANA LMITED,"",,,,,,,true,false,,,2026-05-19 16:02:11.659,2026-05-19 16:02:11.659,,,,,,,,BWP,FIRNBWGX,false,,,,,,,,,,,,,,,,,
281,"002000925",BW,OBE,BW,Asa,,,,"14551455",BANK OF BOTSWANA,"",,,,,,,true,false,,,2026-05-19 16:02:52.564,2026-05-19 16:02:52.564,,,,,,,,BWP,BBOTBWGX,false,,,,,,,,,,,,,,,,,
282,"002000925",BW,INSAD,ZA,Ffdff,Frf,Fff,Fc,"12331233",ABSA BANK LIMITED,JOHANNESBURG,,"","","",ABSAZAJJ,"",true,false,false,,2026-05-19 16:09:15.267,2026-05-19 16:09:15.267,,,,,,"","",INR,,,,,,,,,,,,,,,,,,,
283,"002000925",BW,BILL,BW,MASC 9545,,,,,,,,,,"",,,true,false,false,,2026-05-19 16:19:53.029,2026-05-19 16:19:53.029,,,,,,,,,BW-MASCOM-AIRTIME,,,15,Airtime and Data,1,Airtime and Data,,Mascom Airtime,"9545027177",Mobile Number,,,"{""accountNumber"":""9545027177"",""customerName"":""Qaa""}",,,,,
284,R0029476,BW,OBR,BW,Xyz,,,,"97643108",BANK OF BOTSWANA,"",,,,,,,true,false,,,2026-05-20 10:38:29.680,2026-05-20 10:38:29.680,,,,,,,,BWP,BBOTBWGX,false,,,,,,,,,,,,,,,,,
285,R0029476,BW,INSW,CU,Abc,Janajjaka,Jakajaj,Jsksk,"0192837465",BANCO CENTRAL DE CUBA,BANCO CENTRAL DE CUBA,,"","","",BCCUCUHH,"",true,false,false,,2026-05-20 10:51:04.216,2026-05-20 10:51:04.216,,,,,,"","",BWP,,,,,,,,,,,,,,,,,,,
286,R0012618,BW,BILL,BW,BOTS 1421,,,,,,,,,,Test power,,,true,false,false,,2026-05-20 12:13:49.535,2026-05-20 12:13:49.535,,,,,,,,,BW-PREPAID-ELECTRICITY,,,19,Utilities,3,Electricity,2,Botswana Power Corporation,"14213509509",Meter Number,,,"{""accountNumber"":""14213509509"",""customerName"":""Power""}",,,,,
287,R0012618,BW,BILL,BW,DSTV 7016,,,,,,,,,,Test dstv,,,true,false,false,,2026-05-20 12:17:10.078,2026-05-20 12:17:10.078,,,,,,,,,BW-DSTV-BOXOFFICE,,,18,Lifestyle and Services,2,Entertainment /Pay TV,1,DSTV Box Office,"7016982290",Smartcard Number,,,"{""accountNumber"":""7016982290"",""customerName"":""Test""}",,,,,
288,R0029476,BW,INSW,MZ,Ksksk,Kkak,Ndksk,New,"9283746510",BANCO INTERNACIONAL DE MOCAMBIQUE  S.A,BANCO INTERNACIONAL DE MOCAMBI,,"","","",BIMOMZMX,"",true,false,false,,2026-05-20 15:01:16.464,2026-05-20 15:01:16.464,,,,,,"","",USD,,,,,,,,,,,,,,,,,,,
289,"002000925",BW,OBE,BW,Qass,,,,"1234",ACCESS BANK BOTSWANA LIMITED,"",,,,,,,true,false,,,2026-05-21 08:06:40.417,2026-05-21 08:06:40.417,,,,,,,,BWP,FMBZBWGA,false,,,,,,,,,,,,,,,,,
290,R0029476,BW,INSW,US,Ksksk,Llakshsh,Bdnejn,Isneiwo,"0981237654",BANK OF BARODA,BANK OF BARODA,,"","","",BARBUS33,"",true,false,false,,2026-05-21 08:19:03.269,2026-05-21 08:19:03.269,,,,,,"","",USD,,,,,,,,,,,,,,,,,,,
291,R0029476,BW,BILL,BW,BOTS 8818,,,,,,,,,,"",,,true,false,false,,2026-05-21 11:54:59.195,2026-05-21 11:54:59.195,,,,,,,,,BW-PREPAID-ELECTRICITY,,,19,Utilities,3,Electricity,2,Botswana Power Corporation,"88181891",Meter Number,,,"{""accountNumber"":""88181891"",""customerName"":""Electricity""}",,,,,
292,R0029476,BW,BILL,BW,DSTV 8191,,,,,,,,,,Nick,,,true,false,false,,2026-05-21 11:57:12.109,2026-05-21 11:57:12.109,,,,,,,,,BW-DSTV-BOXOFFICE,,,18,Lifestyle and Services,2,Entertainment /Pay TV,1,DSTV Box Office,"8191919",Smartcard Number,,,"{""accountNumber"":""8191919"",""customerName"":""DSTTEST""}",,,,,
293,"002000898",BW,OBE,BW,Asdf,,,,"12345",BANK OF BARODA (BOTSWANA) LIMITED,"",,,,,,,true,false,,,2026-05-21 13:13:43.947,2026-05-21 13:13:43.947,,,,,,,,BWP,BARBBWGX,false,,,,,,,,,,,,,,,,,
294,R0029476,BW,BILL,BW,DSTV 2837,,,,,,,,,,DT,,,true,false,false,,2026-05-21 14:38:05.043,2026-05-21 14:38:05.043,,,,,,,,,BW-DSTV,,,17,Lifestyle and Services,2,Entertainment /Pay TV,1,DSTV Payments,"283746510",Smartcard Number,,,"{""accountNumber"":""283746510"",""customerName"":""DST""}",,,,,
298,"002000898",BW,BILL,BW,ORAN 9011,,,,,,,,,,Vv,,,true,false,false,,2026-05-25 07:54:34.960,2026-05-25 07:54:34.960,,,,,,,,,BW-ORANGE-AIRTIME,,,16,Airtime and Data,1,Airtime and Data,,Orange Airtime,"9011897334",Mobile Number,,,"{""accountNumber"":""9011897334"",""customerName"":""Vvvb""}",,,,,
304,"002000925",BW,OBR,BW,Tegs,,,,"12551255",BANK GABORONE LIMITED,"",,,,,,,true,false,,,2026-05-28 04:13:38.721,2026-05-28 04:13:38.721,,,,,,,,BWP,BGLIBWGX,false,,,,,,,,,,,,,,,,,
305,"002000925",BW,OBE,BW,Tvdc,,,,"25882588",BANK OF BARODA (BOTSWANA) LIMITED,"",,,,,,,true,false,,,2026-05-28 04:54:24.602,2026-05-28 04:54:24.602,,,,,,,,BWP,BARBBWGX,false,,,,,,,,,,,,,,,,,
307,"002000353",BW,BILL,BW,MASC 2677,,,,,,,,,,Tshego airtime ,,,true,false,false,,2026-05-28 06:53:16.023,2026-05-28 06:53:16.023,,,,,,,,,BW-MASCOM-AIRTIME,,,15,Airtime and Data,1,Airtime and Data,,Mascom Airtime,"26775959478",Mobile Number,,,"{""accountNumber"":""26775959478"",""customerName"":""Tshego airtime ""}",,,,,
308,R0012618,BW,BILL,BW,MASC 0836,,,,,,,,,,"",,,true,false,false,,2026-05-28 13:01:35.815,2026-05-28 13:01:35.815,,,,,,,,,BW-MASCOM-AIRTIME,,,15,Airtime and Data,1,Airtime and Data,,Mascom Airtime,"0836804075",Mobile Number,,,"{""accountNumber"":""0836804075"",""customerName"":""Bhavesh ""}",,,,,
309,"002000925",BW,OBR,BW,Tets,,,,"15801580",BANK GABORONE BOTSWANA LIMITED,"",,,,,,,true,false,,,2026-05-28 13:30:15.717,2026-05-28 13:30:15.717,,,,,,,,BWP,BGLIBWGX,false,,,,,,,,,,,,,,,,,
310,"002000925",BW,OBR,BW,Gag,,,,"12221222",ABSA BANK OF BOTSWANA,GEMVAS(2905),,,,,,,true,false,,,2026-05-28 13:38:18.446,2026-05-28 13:38:18.446,,,,,,,,BWP,BARCBWGX,true,"2905",,,,,,,,,,,,,,,,
306,"002000353",BW,BILL,BW,BOTS 1245,,,,,,,,,,Testing1,,,false,true,false,,2026-05-28 06:51:30.080,2026-05-28 21:12:50.171,,,,,,BILL,,,,,,19,Utilities,3,Electricity,,Botswana Power Corporation,,,,,"{""accountNumber"":""12453738"",""customerName"":""Testing""}",,,,,
311,"003001569",BW,BILL,BW,Botswana Power Corporation,,,,,,,,"","",Sdsd,,,true,false,true,,2026-06-01 08:59:05.896,2026-06-01 08:59:13.850,,,,,,BILL,,,BW-PREPAID-ELECTRICITY,,,19,Utilities,3,Electricity,2,Botswana Power Corporation,,,,,"{""accountNumber"":""435545"",""customerName"":""Sdsdsd""}",,,,,
316,R0014359,BW,WIB,BW,KULDIP SATVEER AVNEET JAGDEEP LAKHVIR RUPRAH,,,,"0020081251001",,,,,,,,,true,false,,,2026-06-04 08:56:26.123,2026-06-04 08:56:26.123,,,,,,,,BWP,,,,,,,,,,,,,,,,,,,
302,"002000353",BW,BILL,BW,Botswana Power Corporation,,,,,,,,"","",Tshego,,,true,false,true,,2026-05-27 10:11:30.162,2026-07-09 16:49:55.927,,,,,,BILL,,,,,,19,Utilities,3,Electricity,,Botswana Power Corporation,,,,,"{""accountNumber"":""1420412365987"",""customerName"":""Tshego Power""}",,,,,
312,R0014359,BW,IWL,BW,ORANGE-MONEY,,,,"0832002419",,,,,,,,,true,false,,,2026-06-02 11:37:49.621,2026-06-02 11:37:49.621,,,,,,ORANGE-MONEY,,BWP,,,,,,,,,,,,,,,,,,,
313,R0014359,BW,IWL,BW,ORANGE-MONEY,,,,"26775959478",,,,,,,,,true,false,,,2026-06-02 11:39:31.244,2026-06-02 11:39:31.244,,,,,,ORANGE-MONEY,,BWP,,,,,,,,,,,,,,,,,,,
314,"002000925",BW,BILL,BW,BOTS 1234,,,,,,,,,,"",,,true,false,false,,2026-06-03 01:40:01.646,2026-06-03 01:40:01.646,,,,,,,,,BW-PREPAID-ELECTRICITY,,,19,Utilities,3,Electricity,2,Botswana Power Corporation,"123456",Meter Number,,,"{""accountNumber"":""123456"",""customerName"":""Hshs""}",,,,,
318,"002000925",BW,OBR,BW,Tsbsb,,,,"25802580",BANK OF BARODA (BOTSWANA) LIMITED,"",,,,,,,true,false,,,2026-06-04 15:43:22.291,2026-06-04 15:43:22.291,,,,,,,,BWP,BARBBWGX,false,,,,,,,,,,,,,,,,,
319,"002000179",BW,INSW,,Uhuhubyb,Ybubub,Gvyvybub,Jbubj,"123456",NEDBANK,LA LUCIA MALL; KZN,,"","","",NEDSZAJJ,"",true,false,false,,2026-06-09 13:45:19.121,2026-06-09 13:45:19.121,,,,,,"","",INR,,,,,,,,,,,,,,,,,,,
320,R0014359,BW,INSW,ZA,Bhavesh FNB,"12 Davies Road","12 Davies Road",Sandton,"62194896084",FIRSTRAND BANK LTD HEAD OFFICE INCL. DIVISIONS FIRST NATIONAL BANK  FNB CORPORAT,SAVEWAYS WITBANK 851,,+27832002419,Bhaveshmagan@gmail.com,"",FIRNZAJJ,"",true,false,false,,2026-06-11 07:28:23.030,2026-06-11 07:28:23.030,,,,,,"","",ZAR,,,,,,,,,,,,,,,,,,,
321,"002000925",BW,OBR,BW,Test,,,,"12341234",BANK OF BOTSWANA,"",,,,,,,true,false,,,2026-06-11 10:01:42.527,2026-06-11 10:01:42.527,,,,,,,,BWP,BBOTBWGX,false,,,,,,,,,,,,,,,,,
322,"002000179",BW,BILL,BW,DSTV 3445,,,,,,,,,,,,,true,false,false,,2026-06-11 12:43:12.104,2026-06-11 12:43:12.104,,,,,,,,,BW-DSTV,,,17,Lifestyle and Services,2,Entertainment /Pay TV,1,DSTV Payments,"34455",Smartcard Number,,,"{""Smartcard Number"":""34455"",""Name"":""Amol""}","{""accountNumber"":""34455"",""customerName"":""Amol""}",,,,
238,"002000179",BW,BILL,BW,Orange Airtime,,,,,,,,"","",,,,true,false,false,,2026-05-13 06:19:25.701,2026-06-11 12:44:19.184,,,,,,BILL,,,BW-ORANGE-AIRTIME,,,16,Airtime and Data,1,Airtime and Data,,Orange Airtime,,,,,"{""accountNumber"":""0832002419"",""customerName"":""Bhavesh""}",,,,,
315,R0014359,BW,WIB,BW,G E MOGALEEMANG,,,,"0003101004140",,,,"832002419",Bhaveshmagan@gmail.com,Bhavesh,,,false,true,,,2026-06-04 08:54:46.455,2026-06-15 10:29:17.867,,,,,,,,BWP,,,,,,,,,,,,,,,,,,,
317,R0014359,BW,OBR,BW,Bots SPCA,,,,"62211359692",FIRST NATIONAL BANK BOTSWANA LMITED,"",,"","",SPCA,,,true,false,,,2026-06-04 08:59:54.383,2026-06-15 13:58:45.954,,,,,,OBR,,BWP,,,,,,,,,,,,,,,,,,,
297,R0012618,BW,INSW,ZA,Test,,,,"1234567",ABSA BANK LIMITED,ABSA BANK LIMITED,,"","","",ABSAZAJJ,"",true,false,true,,2026-05-25 06:32:07.921,2026-06-22 05:12:56.540,,,,,,INSW,"",USD,,,,,,,,,,,,,,,,,,,
295,"002011507",BW,BILL,BW,Botswana Power Corporation,,,,,,,,"","",Electricity Home,,,true,false,true,,2026-05-22 10:07:54.335,2026-07-02 15:25:07.957,,,,,,BILL,,,BW-PREPAID-ELECTRICITY,,,19,Utilities,3,Electricity,2,Botswana Power Corporation,,,,,"{""accountNumber"":""14028096270"",""customerName"":""Gaone""}",,,,,
296,"002011507",BW,BILL,BW,DSTV Payments,,,,,,,,"","",Block Seven,,,true,false,true,,2026-05-22 11:45:57.184,2026-07-02 15:25:20.882,,,,,,BILL,,,BW-DSTV,,,17,Lifestyle and Services,2,Entertainment /Pay TV,1,DSTV Payments,,,,,"{""accountNumber"":""1234567"",""customerName"":""Gaone""}",,,,,
301,"002000353",BW,BILL,BW,Mascom Airtime,,,,,,,,,,Keba airtime,,,true,false,false,,2026-05-27 06:32:47.859,2026-07-08 12:17:19.024,,,,,,BILL,,,,,,15,Airtime and Data,1,Airtime and Data,,Mascom Airtime,,,,,"{""accountNumber"":""26771798806"",""customerName"":""Keba airtime""}",,,,,
303,"002000353",BW,BILL,BW,DSTV Payments,,,,,,,,"","",Luckydstv,,,true,false,true,,2026-05-27 10:13:59.953,2026-07-09 16:49:47.933,,,,,,BILL,,,BW-DSTV,,,17,Lifestyle and Services,2,Entertainment /Pay TV,1,DSTV Payments,,,,,"{""accountNumber"":""7021856322"",""customerName"":""Lucky""}",,,,,
323,"002000179",BW,BILL,BW,DSTV Box Office,,,,,,,,"","",Ab,,,true,false,true,,2026-06-11 12:46:00.900,2026-06-11 12:46:38.974,,,,,,BILL,,,BW-DSTV-BOXOFFICE,,,18,Lifestyle and Services,2,Entertainment /Pay TV,1,DSTV Box Office,,,,,"{""Smartcard Number"":""0000"",""Name"":""Amol box""}",,,,,
324,"002000925",BW,OBR,BW,Qasw,,,,"1233512335",BANK GABORONE LIMITED,"",,,,,,,true,false,,,2026-06-12 04:39:52.480,2026-06-12 04:39:52.480,,,,,,,,BWP,BGLIBWGX,false,,,,,,,,,,,,,,,,,
325,"002000179",BW,OBE,BW,Abc,,,,"12345",ABSA BANK OF BOTSWANA,GEMVAS(2905),,,,,,,true,false,,,2026-06-12 04:55:39.360,2026-06-12 04:55:39.360,,,,,,,,BWP,BARCBWGX,true,"2905",,,,,,,,,,,,,,,,
326,R0012618,BW,WIB,BW,JUHI URF NILOFAR KHAN,,,,"0004501047362",,,,,,,,,true,false,,,2026-06-12 10:00:23.893,2026-06-12 10:00:23.893,,,,,,,,BWP,,,,,,,,,,,,,,,,,,,
327,R0020605,BW,WIB,BW,L SELEKE,,,,"0002503000554",,,,,,,,,true,false,,,2026-06-12 10:20:13.367,2026-06-12 10:20:13.367,,,,,,,,BWP,,,,,,,,,,,,,,,,,,,
328,R0012618,BW,OBE,BW,test,,,,"1234567890",BANK OF BARODA (BOTSWANA) LIMITED,"",,,,,,,true,false,,,2026-06-12 12:27:42.626,2026-06-12 12:27:42.626,,,,,,,,BWP,BARBBWGX,false,,,,,,,,,,,,,,,,,
329,"002000925",BW,BILL,BW,BOTS 1467,,,,,,,,,,,,,true,false,false,,2026-06-15 12:20:51.762,2026-06-15 12:20:51.762,,,,,,,,,BW-PREPAID-ELECTRICITY,,,19,Utilities,3,Electricity,2,Botswana Power Corporation,"146776",Meter Number,,,"{""Meter Number"":""146776"",""Name"":""Tedyg""}","{""accountNumber"":""146776"",""customerName"":""Tedyg""}",,,,
330,"002000925",BW,BILL,BW,BOTS 1234,,,,,,,,,,,,,true,false,false,,2026-06-15 12:21:46.495,2026-06-15 12:21:46.495,,,,,,,,,BW-PREPAID-ELECTRICITY,,,19,Utilities,3,Electricity,2,Botswana Power Corporation,"12345",Meter Number,,,"{""Meter Number"":""12345"",""Name"":""Yhbv""}","{""accountNumber"":""12345"",""customerName"":""Yhbv""}",,,,
331,"002000925",BW,BILL,BW,DSTV 1233,,,,,,,,,,,,,true,false,false,,2026-06-15 12:23:41.642,2026-06-15 12:23:41.642,,,,,,,,,BW-DSTV,,,17,Lifestyle and Services,2,Entertainment /Pay TV,1,DSTV Payments,"12334",Smartcard Number,,,"{""Smartcard Number"":""12334"",""Name"":""Hsbs""}","{""accountNumber"":""12334"",""customerName"":""Hsbs""}",,,,
332,"002000925",BW,OBR,BW,Ushhsbs,,,,"36999369990",BANK OF BOTSWANA,"",,,,,,,true,false,,,2026-06-15 12:35:39.709,2026-06-15 12:35:39.709,,,,,,,,BWP,BBOTBWGX,false,,,,,,,,,,,,,,,,,
333,"002000925",BW,BILL,BW,DSTV 1552,,,,,,,,,,,,,true,false,false,,2026-06-15 13:09:27.678,2026-06-15 13:09:27.678,,,,,,,,,BW-DSTV,,,17,Lifestyle and Services,2,Entertainment /Pay TV,1,DSTV Payments,"155252",Smartcard Number,,,"{""Smartcard Number"":""155252"",""Name"":""Gsgsv""}","{""accountNumber"":""155252"",""customerName"":""Gsgsv""}",,,,
334,"002000925",BW,OBR,BW,Test,,,,"2588025880",BANK GABORONE BOTSWANA LIMITED,"",,,,,,,true,false,,,2026-06-16 09:38:42.188,2026-06-16 09:38:42.188,,,,,,,,BWP,BGLIBWGX,false,,,,,,,,,,,,,,,,,
335,"002000925",BW,OBR,BW,Tehsbs,,,,"3699836998",BANK GABORONE LIMITED,"",,,,,,,true,false,,,2026-06-16 09:40:57.067,2026-06-16 09:40:57.067,,,,,,,,BWP,BGLIBWGX,false,,,,,,,,,,,,,,,,,
336,"002000925",BW,BILL,BW,DSTV 6377,,,,,,,,,,,,,true,false,false,,2026-06-16 09:43:28.734,2026-06-16 09:43:28.734,,,,,,,,,BW-DSTV,,,17,Lifestyle and Services,2,Entertainment /Pay TV,1,DSTV Payments,"6377373",Smartcard Number,,,"{""Smartcard Number"":""6377373"",""Name"":""Gsgs""}","{""accountNumber"":""6377373"",""customerName"":""Gsgs""}",,,,
337,"002000925",BW,BILL,BW,DSTV 2526,,,,,,,,,,,,,true,false,false,,2026-06-16 09:45:09.549,2026-06-16 09:45:09.549,,,,,,,,,BW-DSTV,,,17,Lifestyle and Services,2,Entertainment /Pay TV,1,DSTV Payments,"2526636",Smartcard Number,,,"{""Smartcard Number"":""2526636"",""Name"":""Vzvs""}","{""accountNumber"":""2526636"",""customerName"":""Vzvs""}",,,,
339,"002000353",BW,BILL,BW,DSTV 1234,,,,,,,,,,Tshego test,,,true,false,false,,2026-06-16 13:38:26.198,2026-06-16 13:38:26.198,,,,,,,,,BW-DSTV-BOXOFFICE,,,18,Lifestyle and Services,2,Entertainment /Pay TV,1,DSTV Box Office,"123456",Smartcard Number,,,"{""accountNumber"":""123456"",""customerName"":""Tshego test""}",,,,,
340,R0014359,BW,OBE,BW,Testing EFT,,,,"963741258",BANK OF BOTSWANA,"",,,,,,,true,false,,,2026-06-17 06:37:49.512,2026-06-17 06:37:49.512,,,,,,,,BWP,BBOTBWGX,false,,,,,,,,,,,,,,,,,
341,R0029099,BW,IWL,BW,ORANGE-MONEY,,,,"445555",,,,"45288888",T@dd.fhg,Test,,,true,false,,,2026-06-17 08:27:58.606,2026-06-17 08:27:58.606,,,,,,BW-ORANGE-B2C,,BWP,,,,,,,,,,,,,,,,,,,
342,R0029099,BW,IWL,BW,ORANGE-MONEY,,,,"85214455",,,,"5524448888",Gf@ddff.com,GTest,,,true,false,,,2026-06-17 08:36:15.646,2026-06-17 08:36:15.646,,,,,,BW-ORANGE-B2C,,BWP,,,,,,,,,,,,,,,,,,,
343,R0012618,BW,BILL,BW,BOTS 7728,,,,,,,,,,New nickname testing,,,true,false,false,,2026-06-17 10:11:07.038,2026-06-17 10:11:07.038,,,,,,,,,BW-PREPAID-ELECTRICITY,,,19,Utilities,3,Electricity,2,Botswana Power Corporation,"772892929",Meter Number,,,"{""Meter Number"":""772892929"",""Name"":""Testing bill""}","{""accountNumber"":""772892929"",""customerName"":""Testing bill""}",,,,
344,R0012618,BW,BILL,BW,DSTV 6662,,,,,,,,,,New DST,,,true,false,false,,2026-06-17 10:21:56.790,2026-06-17 10:21:56.790,,,,,,,,,BW-DSTV,,,17,Lifestyle and Services,2,Entertainment /Pay TV,1,DSTV Payments,"66628292929",Smartcard Number,,,"{""Smartcard Number"":""66628292929"",""Name"":""DST""}","{""accountNumber"":""66628292929"",""customerName"":""DST""}",,,,
345,R0014359,BW,BILL,BW,DSTV 4678,,,,,,,,,,,,,true,false,false,,2026-06-18 11:27:22.288,2026-06-18 11:27:22.288,,,,,,,,,BW-DSTV,,,17,Lifestyle and Services,2,Entertainment /Pay TV,1,DSTV Payments,"4678899988766444225688899",Smartcard Number,,,"{""Smartcard Number"":""4678899988766444225688899"",""Name"":""Amol""}","{""accountNumber"":""4678899988766444225688899"",""customerName"":""Amol""}",,,,
346,R0012618,BW,BILL,BW,DSTV 5678,,,,,,,,,,,,,true,false,false,,2026-06-23 10:58:04.620,2026-06-23 10:58:04.620,,,,,,,,,BW-DSTV,,,17,Lifestyle and Services,2,Entertainment /Pay TV,1,DSTV Payments,"5678",Smartcard Number,,,"{""Smartcard Number"":""5678"",""Name"":""Bhavesh magan""}","{""accountNumber"":""5678"",""customerName"":""Bhavesh magan""}",,,,
347,R0029116,BW,OBE,BW,EFT er,,,,"12345678",BANK OF BOTSWANA,"",,,,,,,true,false,,,2026-06-23 11:49:41.837,2026-06-23 11:49:41.837,,,,,,,,BWP,BBOTBWGX,false,,,,,,,,,,,,,,,,,
348,"002011507",BW,BILL,BW,DSTV 1234,,,,,,,,,,Block7 TV,,,true,false,false,,2026-06-24 11:53:29.949,2026-06-24 11:53:29.949,,,,,,,,,BW-DSTV,,,17,Lifestyle and Services,2,Entertainment /Pay TV,1,DSTV Payments,"123456",Smartcard Number,,,"{""Smartcard Number"":""123456"",""Name"":""Gaone""}","{""accountNumber"":""123456"",""customerName"":""Gaone""}",,,,
349,"002002356",BW,IWL,BW,Jas,,,,"5674848",,,,,,,,,true,false,,,2026-06-24 12:35:50.426,2026-06-24 12:35:50.426,,,,,,Airtel Money,,BWP,,,,,,,,,,,,,,,,,,,
350,"002002356",BW,IWL,BW,Vincent Mtukule,,,,"100003",,,,"","",,,,true,false,true,,2026-06-24 12:39:40.354,2026-06-24 12:40:41.889,,,,,,IWL,,BWP,,,,,,,,,,,,,,,,,,,
351,R0012618,BW,IWL,BW,ORANGE-MONEY,,,,"26778693258",,,,,,,,,true,false,,,2026-06-25 05:18:37.969,2026-06-25 05:18:37.969,,,,,,ORANGE-MONEY,,BWP,,,,,,,,,,,,,,,,,,,
352,"002002356",BW,IWL,BW,Jasmeet,,,,"100000",,,,,,,,,true,false,,,2026-06-25 09:14:46.583,2026-06-25 09:14:46.583,,,,,,ORANGE MONEY,,BWP,,,,,,,,,,,,,,,,,,,
353,"002002356",BW,IWL,BW,Jasmeet,,,,"1000001",,,,,,,,,true,false,,,2026-06-25 09:17:15.486,2026-06-25 09:17:15.486,,,,,,Myzaka Wallet,,BWP,,,,,,,,,,,,,,,,,,,
354,"002008125",BW,IWL,BW,"",,,,"215556",,,,"","",Ambiance,,,true,false,false,,2026-06-25 10:45:23.785,2026-06-25 10:48:03.924,,,,,,IWL,,BWP,,,,,,,,,,,,,,,,,,,
355,"002008125",BW,IWL,BW,Amol,,,,"100",,,,,,,,,true,false,,,2026-06-25 10:50:16.150,2026-06-25 10:50:16.150,,,,,,Myzaka Wallet,,BWP,,,,,,,,,,,,,,,,,,,
356,"002002356",BW,IWL,BW,Orange money,,,,"1000005",,,,,,,,,true,false,true,,2026-06-25 11:47:46.044,2026-06-25 11:49:43.149,,,,,,IWL,,BWP,,,,,,,,,,,,,,,,accountNumber,BW-ORANGE-B2C,Wallet Number,""
358,"002008125",BW,IWL,BW,"",,,,"123",,,,,,,,,true,false,,,2026-06-25 11:51:42.007,2026-06-25 11:51:42.007,,,,,,BW-ORANGE-B2C,,BWP,,,,,,,,,,,,,,,,accountNumber,BW-ORANGE-B2C,Wallet Number,""
359,"002002356",BW,IWL,BW,Orange money double,,,,"566677",,,,"7869436306",Orange@gmail.com,Orange nick,,,true,false,true,,2026-06-25 11:55:21.238,2026-06-25 11:55:31.369,,,,,,IWL,,BWP,,,,,,,,,,,,,,,,accountNumber,BW-ORANGE-B2C,Wallet Number,""
360,"002002356",BW,IWL,BW,"",,,,"5634663",,,,,,,,,true,false,,,2026-06-25 12:04:20.443,2026-06-25 12:04:20.443,,,,,,BW-ORANGE-B2C,,BWP,,,,,,,,,,,,,,,,accountNumber,BW-ORANGE-B2C,Wallet Number,""
361,"002000925",BW,IWL,BW,Twygs,,,,"100003",,,,,,,,,true,false,,,2026-06-26 11:52:41.693,2026-06-26 11:52:41.693,,,,,,Myzaka Wallet,,BWP,,,,,,,,,,,,,,,,,MYZAKA,Wallet Number,""
362,"002000925",BW,IWL,BW,Yvsv,,,,"100007",,,,,,,,,true,false,,,2026-06-26 11:55:31.594,2026-06-26 11:55:31.594,,,,,,Orange Money,,BWP,,,,,,,,,,,,,,,,accountNumber,BW-ORANGE-B2C,Wallet Number,""
363,"002000179",BW,OBE,BW,Ghs,,,,"23662366",BANK GABORONE LIMITED,"",,,,,,,true,false,,,2026-06-26 12:00:25.663,2026-06-26 12:00:25.663,,,,,,,,BWP,BGLIBWGX,false,,,,,,,,,,,,,,,,,
357,"002008125",BW,IWL,BW,Amol myzaka ,,,,"74200284",,,,,,,,,true,false,true,,2026-06-25 11:48:28.216,2026-07-10 09:01:21.510,,,,,,IWL,,BWP,,,,,,,,,,,,,,,,,MYZAKA,Wallet Number,""
364,"002002356",BW,BILL,BW,BOTS 1234,,,,,,,,,,My electricity bill,,,true,false,false,,2026-06-29 09:25:21.467,2026-06-29 09:25:21.467,,,,,,,,,BW-PREPAID-ELECTRICITY,,,19,Utilities,3,Electricity,2,Botswana Power Corporation,"1234456789",Meter Number,,,"{""Meter Number"":""1234456789"",""Name"":""Power""}","{""accountNumber"":""1234456789"",""customerName"":""Power""}",,,,
365,R0011417,BW,OBR,BW,Ewewe,,,,"12345",ABSA BANK OF BOTSWANA,GABORONE MALL(2901),,,,,,,true,false,,,2026-06-29 09:44:53.539,2026-06-29 09:44:53.539,,,,,,,,BWP,BARCBWGX,true,"2901",,,,,,,,,,,,,,,,
366,R0011417,BW,WIB,BW,M P KOBOYANKWE,,,,"0002701001207",,,,,,,,,true,false,,,2026-06-29 10:34:40.598,2026-06-29 10:34:40.598,,,,,,,,BWP,,,,,,,,,,,,,,,,,,,
382,"002002356",BW,INSAD,,Yahoo,Add1,Add2,Nasik,"123456789012",FIRSTRAND BANK LIMITED,WATERFALL MALL 994,,"","","",FIRNZAJJ,"",true,false,false,,2026-07-03 13:53:48.773,2026-07-03 13:53:48.773,,,,,,"","",ZAR,,,,,,,,,,,,,,,,,,,
383,"002002356",BW,OBR,BW,Jasmeet,,,,"1234567123456",BANK GABORONE BOTSWANA LIMITED,"",,,,,,,true,false,,,2026-07-03 14:01:43.589,2026-07-03 14:01:43.589,,,,,,,,BWP,BGLIBWGX,false,,,,,,,,,,,,,,,,,
368,R0019569,BW,BILL,BW,Mascom Airtime,,,,,,,,"","","",,,false,true,true,,2026-07-01 10:22:40.167,2026-07-01 10:24:04.344,,,,,,BILL,,,BW-MASCOM-AIRTIME,,,15,Airtime and Data,,"",,Mascom Airtime,,,,,"{""Airtime for"":""Anna Haro"",""Mobile number"":""5555228243""}",,,,,
367,R0019569,BW,BILL,BW,Botswana Power Corporation,,,,,,,,"","",Test232,,,false,true,true,,2026-07-01 10:22:13.358,2026-07-01 10:24:14.745,,,,,,BILL,,,BW-PREPAID-ELECTRICITY,,,19,Utilities,3,Electricity,2,Botswana Power Corporation,,,,,"{""Meter Number"":""89482928492894"",""Name"":""Test""}",,,,,
369,R0019569,BW,BILL,BW,Anna Haro,,,,,,,,,,"",,,true,false,false,,2026-07-01 10:24:33.096,2026-07-01 10:24:33.096,,,,,,,,,BW-ORANGE-AIRTIME,,,16,Airtime and Data,,"",,Orange Airtime,"5555228243",Mobile number,,,"{""Airtime for"":""Anna Haro"",""Mobile number"":""5555228243""}",,,,,
370,R0019569,BW,BILL,BW,BOTS 5390,,,,,,,,,,"",,,false,true,false,,2026-07-01 10:26:15.667,2026-07-01 10:26:28.223,,,,,,,,,BW-PREPAID-ELECTRICITY,,,19,Utilities,3,Electricity,2,Botswana Power Corporation,"5390539503",Meter Number,,,"{""Meter Number"":""5390539503"",""Name"":""Vidhna""}","{""accountNumber"":""5390539503"",""customerName"":""Vidhna""}",,,,
371,"002002356",BW,WIB,BW,C ROSSI,,,,"0002501035057",,,,,,,,,true,false,,,2026-07-01 10:44:05.428,2026-07-01 10:44:05.428,,,,,,,,BWP,,,,,,,,,,,,,,,,,,,
372,R0020605,BW,INSW,AD,Sfdsfff daf sdf,Dsf,Sdf,Sdfdsf,"789089",BANCA PRIVADA D ANDORRA S.A.,BANCA PRIVADA D ANDORRA S.A.,,"","","",CRDAADAD,"",true,false,false,,2026-07-02 08:00:06.207,2026-07-02 08:00:06.207,,,,,,"","",ZAR,,,,,,,,,,,,,,,,,,,
373,"002011507",BW,INSW,ZA,Gaone ZA,,,,"62334562519",FIRSTRAND BANK LTD HEAD OFFICE INCL. DIVISIONS FIRST NATIONAL BANK  FNB CORPORAT,SAVEWAYS WITBANK 851,,"71677161",gaonemoles@gmail.com,Gee ZA,FIRNZAJJ,"",true,false,false,,2026-07-02 11:11:02.275,2026-07-02 14:06:07.005,,,,,,INSW,"",ZAR,,,,,,,,,,,,,,,,,,,
195,"002011507",BW,OBR,BW,Gaone Mogaleemang,,,,"62434562519",FIRST NATIONAL BANK BOTSWANA LMITED,"",,"71677161",gaonemoles@gmail.com,GiGi FNB,,,true,false,true,,2026-04-27 16:06:48.315,2026-07-02 14:14:11.717,,,,,,OBR,,BWP,FIRNBWGX,,,,,,,,,,,,,,,,,,
374,"002011507",BW,OBR,BW,Gaone Mogaleemang,,,,"9060000209032",STANBIC BANK BOTSWANA LIMITED,"",,"71677161",gaonemoles@gmail.com,Gaone Stanbic,,,true,false,true,,2026-07-02 14:21:58.331,2026-07-02 15:24:45.281,,,,,,OBR,,BWP,SBICBWGX,,,,,,,,,,,,,,,,,,
299,"002011507",BW,BILL,BW,Mascom Airtime,,,,,,,,"","",GiGi Mascom,,,true,false,true,,2026-05-26 08:49:49.237,2026-07-02 15:25:30.770,,,,,,BILL,,,BW-MASCOM-AIRTIME,,,15,Airtime and Data,1,Airtime and Data,,Mascom Airtime,,,,,"{""accountNumber"":""26771677161"",""customerName"":""Gaone M""}",,,,,
300,"002011507",BW,BILL,BW,Orange Airtime,,,,,,,,"","",Tshepi Orange,,,true,false,true,,2026-05-26 08:50:30.328,2026-07-02 15:25:41.693,,,,,,BILL,,,BW-ORANGE-AIRTIME,,,16,Airtime and Data,1,Airtime and Data,,Orange Airtime,,,,,"{""accountNumber"":""77500203"",""customerName"":""Tshephang ""}",,,,,
375,"002011507",BW,IWL,BW,Gaone Myzaka,,,,"71677161",,,,,,Gao MyZaka,,,true,false,true,,2026-07-02 16:07:26.042,2026-07-02 16:07:44.341,,,,,,IWL,,BWP,,,,,,,,,,,,,,,,,MYZAKA,Wallet Number,""
376,"002011507",BW,IWL,BW,Tshepi Orange,,,,"72909533",,,,,,Tshepi OrangeMoney,,,true,false,,,2026-07-02 16:09:38.219,2026-07-02 16:09:38.219,,,,,,BW-ORANGE-B2C,,BWP,,,,,,,,,,,,,,,,accountNumber,BW-ORANGE-B2C,Wallet Number,""
377,R0019569,BW,BILL,BW,Daniel Higgins,,,,,,,,,,"",,,true,false,false,,2026-07-03 09:24:01.178,2026-07-03 09:24:01.178,,,,,,,,,BW-MASCOM-AIRTIME,,,15,Airtime and Data,,"",,Mascom Airtime,"4085553514",Mobile number,,,"{""Airtime for"":""Daniel Higgins"",""Mobile number"":""4085553514""}",,,,,
384,"002002356",BW,INSW,AD,International IN,Add1,Add2,Nasik,"12345678900",ANDORRA BANC AGRICOL REIG S.A.,ANDORRA BANC AGRICOL REIG S.A.,,+267786955566,In@gmail.com,Indian rupee,BACAADAD,"",true,false,false,,2026-07-04 06:24:47.101,2026-07-04 06:24:47.101,,,,,,"","",INR,,,,,,,,,,,,,,,,,,,
379,"002002356",BW,INSW,,International jas,,,,"157869436306",NEDBANK,LA LUCIA MALL; KZN,,"","",Sadc rtgs ,NEDSZAJJ,"",false,true,true,,2026-07-03 13:28:11.385,2026-07-03 13:36:09.280,,,,,,INSW,"",USD,,,,,,,,,,,,,,,,,,,
385,R0020605,BW,BILL,BW,BOTS 3534,,,,,,,,,,"",,,true,false,false,,2026-07-04 06:50:59.763,2026-07-04 06:50:59.763,,,,,,,,,BW-PREPAID-ELECTRICITY,,,19,Utilities,3,Electricity,2,Botswana Power Corporation,"35345",Meter Number,,,"{""Meter Number"":""35345"",""Name"":""GF""}","{""accountNumber"":""35345"",""customerName"":""GF""}",,,,
380,"002002356",BW,INSW,,jas,Add1,Add2,nasik,"1234512345",NEDBANK,LA LUCIA MALL; KZN,,"","","",NEDSZAJJ,"",false,true,true,,2026-07-03 13:35:24.354,2026-07-03 13:47:20.772,,,,,,INSW,"",GBP,,,,,,,,,,,,,,,,,,,
381,"002002356",BW,INSW,,jassud,add1,Add2,Nasok,"789789789",STANDARD BANK,CASTLE WALK,,"","","",SBZAZAJJ,"",false,true,false,,2026-07-03 13:46:39.971,2026-07-03 13:47:33.424,,,,,,"","",EUR,,,,,,,,,,,,,,,,,,,
386,R0020605,BW,BILL,BW,DSTV 3243,,,,,,,,,,"",,,true,false,false,,2026-07-04 06:52:18.050,2026-07-04 06:52:18.050,,,,,,,,,BW-DSTV,,,17,Lifestyle and Services,2,Entertainment /Pay TV,1,DSTV Payments,"324324",Smartcard Number,,,"{""Smartcard Number"":""324324"",""Name"":""Ttyr""}","{""accountNumber"":""324324"",""customerName"":""Ttyr""}",,,,
387,"002002356",BW,INSAD,,Jasmeet,Add1,Add2,Nasik,"123456789001",FIRSTRAND BANK LIMITED,WATERFALL MALL 994,,"","","",FIRNZAJJ,"",true,false,false,,2026-07-04 07:19:53.252,2026-07-04 07:19:53.252,,,,,,"","",EUR,,,,,,,,,,,,,,,,,,,
378,"002002356",BW,INSAD,ZA,Jasmeet,Add1,Add2,Nasik,"123456789",NEDBANK,LA LUCIA MALL; KZN,,"","","",NEDSZAJJ,"",true,false,true,,2026-07-03 13:23:15.047,2026-07-04 07:40:32.002,,,,,,INSAD,"",USD,,,,,,,,,,,,,,,,,,,
388,"002000353",BW,INSAD,ZA,Testing ,Abc,Abc,Joburg,"1234567",NEDBANK,LA LUCIA MALL; KZN,,+26775959478,Tshegokeaitse@gmail.com ,"",NEDSZAJJ,"",true,false,false,,2026-07-06 07:26:05.738,2026-07-06 07:26:05.738,,,,,,"","",ZAR,,,,,,,,,,,,,,,,,,,
389,"002008125",BW,BILL,BW,DSTV 1233,,,,,,,,,,Dstv 12345,,,true,false,false,,2026-07-06 10:46:48.143,2026-07-06 10:46:48.143,,,,,,,,,BW-DSTV,,,17,Lifestyle and Services,2,Entertainment /Pay TV,1,DSTV Payments,"1233",Smartcard Number,,,"{""Smartcard Number"":""1233"",""Name"":""Amol dstv 1""}","{""accountNumber"":""1233"",""customerName"":""Amol dstv 1""}",,,,
390,"002008125",BW,BILL,BW,BOTS 1234,,,,,,,,,,AB,,,true,false,false,,2026-07-07 12:03:05.248,2026-07-07 12:03:05.248,,,,,,,,,BW-PREPAID-ELECTRICITY,,,19,Utilities,3,Electricity,2,Botswana Power Corporation,"1234567890",Meter Number,,,"{""Meter Number"":""1234567890"",""Name"":""Amol Bhosale""}","{""accountNumber"":""1234567890"",""customerName"":""Amol Bhosale""}",,,,
391,R0012618,BW,BILL,BW,✨Mama Ka Kutlwano ✨,,,,,,,,,,"",,,true,false,false,,2026-07-07 12:34:44.284,2026-07-07 12:34:44.284,,,,,,,,,BW-ORANGE-AIRTIME,,,16,Airtime and Data,,"",,Orange Airtime,"27659122847",Mobile number,,,"{""Airtime for"":""✨Mama Ka Kutlwano ✨"",""Mobile number"":""27659122847""}",,,,,
392,R0012618,BW,BILL,BW,BOTS 7891,,,,,,,,,,Nickname test,,,true,false,false,,2026-07-07 12:43:06.187,2026-07-07 12:43:06.187,,,,,,,,,BW-PREPAID-ELECTRICITY,,,19,Utilities,3,Electricity,2,Botswana Power Corporation,"789101112",Meter Number,,,"{""Meter Number"":""789101112"",""Name"":""Bhavesh""}","{""accountNumber"":""789101112"",""customerName"":""Bhavesh""}",,,,
393,"002008125",BW,BILL,BW,BOTS 123,,,,,,,,,,AB,,,true,false,false,,2026-07-07 12:54:09.962,2026-07-07 12:54:09.962,,,,,,,,,BW-PREPAID-ELECTRICITY,,,19,Utilities,3,Electricity,2,Botswana Power Corporation,"123",Meter Number,,,"{""Meter Number"":""123"",""Name"":""Amol""}","{""accountNumber"":""123"",""customerName"":""Amol""}",,,,
338,"002008125",BW,BILL,BW,Botswana Power Corporation,,,,,,,,"","",AB,,,true,false,true,,2026-06-16 12:03:48.760,2026-07-07 13:01:18.871,,,,,,BILL,,,BW-PREPAID-ELECTRICITY,,,19,Utilities,3,Electricity,2,Botswana Power Corporation,,,,,"{""Meter Number"":""12345"",""Name"":""Amol""}",,,,,
436,"002008125",BW,OBR,BW,Amol,,,,"12345",BANK OF BARODA (BOTSWANA) LIMITED,"",,,,,,,true,false,,,2026-07-17 13:54:28.900,2026-07-17 13:54:28.900,,,,,,,,BWP,BARBBWGX,false,,,,,,,,,,,,,,,,,
394,"002000353",BW,BILL,BW,BOTS 1234,,,,,,,,,,Tk electricity ,,,true,false,false,,2026-07-08 12:15:05.836,2026-07-08 12:15:05.836,,,,,,,,,BW-PREPAID-ELECTRICITY,,,19,Utilities,3,Electricity,2,Botswana Power Corporation,"1234567899",Meter Number,,,"{""Meter Number"":""1234567899"",""Name"":""Tshegofatso electricity ""}","{""accountNumber"":""1234567899"",""customerName"":""Tshegofatso electricity ""}",,,,
395,"002000353",BW,BILL,BW,Dad,,,,,,,,,,"",,,true,false,false,,2026-07-08 12:15:46.485,2026-07-08 12:15:46.485,,,,,,,,,BW-MASCOM-AIRTIME,,,15,Airtime and Data,,"",,Mascom Airtime,"26771682964",Mobile number,,,"{""Airtime for"":""Dad"",""Mobile number"":""26771682964""}",,,,,
396,"002000353",BW,BILL,BW,Mascom Airtime,,,,,,,,"","","",,,true,false,true,,2026-07-08 12:16:39.884,2026-07-09 16:49:31.883,,,,,,BILL,,,BW-MASCOM-AIRTIME,,,15,Airtime and Data,,"",,Mascom Airtime,,,,,"{""Airtime for"":""Tshegomascom"",""Mobile number"":""71843615""}",,,,,
397,"002000353",BW,OBR,BW,Rtgs test,,,,"123456",ACCESS BANK BOTSWANA LIMITED,"",,,,,,,true,false,,,2026-07-13 13:13:39.252,2026-07-13 13:13:39.252,,,,,,,,BWP,FMBZBWGA,false,,,,,,,,,,,,,,,,,
399,"002008125",BW,OBR,BW,Amol,,,,"111111",BANK GABORONE BOTSWANA LIMITED,"",,,,,,,true,false,,,2026-07-14 08:48:27.133,2026-07-14 08:48:27.133,,,,,,,,BWP,BGLIBWGX,false,,,,,,,,,,,,,,,,,
400,"002008125",BW,OBR,BW,Amol B,,,,"808080",BANK OF BARODA (BOTSWANA) LIMITED,"",,,,,,,true,false,,,2026-07-15 08:52:08.621,2026-07-15 08:52:08.621,,,,,,,,BWP,BARBBWGX,false,,,,,,,,,,,,,,,,,
402,R0029476,BW,WIB,BW,L SELEKE,,,,"0002503000554",,,,,,,,,true,false,,,2026-07-15 10:47:18.532,2026-07-15 10:47:18.532,,,,,,,,BWP,,,,,,,,,,,,,,,,,,,
403,R0023876,BW,WIB,BW,L SELEKE,,,,"0002503000554",,,,,,,,,true,false,,,2026-07-15 10:47:32.832,2026-07-15 10:47:32.832,,,,,,,,BWP,,,,,,,,,,,,,,,,,,,
405,R0029476,BW,OBR,BW,Aamsksksm,,,,"987456",BANK OF BOTSWANA,"",,,,,,,true,false,,,2026-07-15 10:53:39.049,2026-07-15 10:53:39.049,,,,,,,,BWP,BBOTBWGX,false,,,,,,,,,,,,,,,,,
406,R0029476,BW,OBE,BW,New regression,,,,"789321",BANK OF BOTSWANA,"",,,,,,,true,false,,,2026-07-15 11:16:57.257,2026-07-15 11:16:57.257,,,,,,,,BWP,BBOTBWGX,false,,,,,,,,,,,,,,,,,
407,R0023876,BW,OBE,BW,Test Bank,,,,"123456789",STANDARD CHARTERED BANK BOTSWANA LTD,"",,,,,,,true,false,,,2026-07-15 11:20:38.861,2026-07-15 11:20:38.861,,,,,,,,BWP,SCHBBWGX,false,,,,,,,,,,,,,,,,,
408,R0023876,BW,OBE,BW,Access Bank,,,,"123456",ACCESS BANK BOTSWANA LIMITED,"",,,,,,,true,false,,,2026-07-15 11:23:06.604,2026-07-15 11:23:06.604,,,,,,,,BWP,FMBZBWGA,false,,,,,,,,,,,,,,,,,
404,R0023876,BW,OBR,BW,Other Bank Test,,,,"12345678",ABSA BANK OF BOTSWANA,GABORONE MALL(2901),,,,,,,false,true,,,2026-07-15 10:53:35.208,2026-07-15 11:26:30.526,,,,,,,,BWP,BARCBWGX,true,"2901",,,,,,,,,,,,,,,,
410,"002011507",BW,OBR,BW,Atsile Mogale,,,,"1122334455",BANK GABORONE BOTSWANA LIMITED,"",,,,,,,true,false,,,2026-07-16 11:58:59.973,2026-07-16 11:58:59.973,,,,,,,,BWP,BGLIBWGX,false,,,,,,,,,,,,,,,,,
411,"002000353",BW,OBR,BW,Benefitest,,,,"9630852741",BANK OF BOTSWANA,"",,,,Benetest,,,true,false,,,2026-07-16 12:00:51.023,2026-07-16 12:00:51.023,,,,,,,,BWP,BBOTBWGX,false,,,,,,,,,,,,,,,,,
412,"002011507",BW,OBR,BW,Lefika Mogaleemang,,,,"445566778899",BANK GABORONE LIMITED,"",,,,,,,true,false,,,2026-07-16 12:02:59.424,2026-07-16 12:02:59.424,,,,,,,,BWP,BGLIBWGX,false,,,,,,,,,,,,,,,,,
413,"002000353",BW,OBR,BW,Eft test,,,,"741852",ACCESS BANK BOTSWANA LIMITED,"",,,,Testeft,,,true,false,,,2026-07-16 12:03:24.278,2026-07-16 12:03:24.278,,,,,,,,BWP,FMBZBWGA,false,,,,,,,,,,,,,,,,,
414,R0023876,BW,OBR,BW,Buavesh magan,,,,"987654321",BANK GABORONE LIMITED,"",,,,,,,true,false,,,2026-07-16 12:06:51.637,2026-07-16 12:06:51.637,,,,,,,,BWP,BGLIBWGX,false,,,,,,,,,,,,,,,,,
415,R0029476,BW,OBE,BW,EFT new,,,,"987147",BANK OF BOTSWANA,"",,,,,,,true,false,,,2026-07-16 12:08:59.509,2026-07-16 12:08:59.509,,,,,,,,BWP,BBOTBWGX,false,,,,,,,,,,,,,,,,,
416,"002000353",BW,OBR,BW,Efttesting,,,,"2580369",ACCESS BANK BOTSWANA LIMITED,"",,,,,,,true,false,,,2026-07-16 12:09:40.132,2026-07-16 12:09:40.132,,,,,,,,BWP,FMBZBWGA,false,,,,,,,,,,,,,,,,,
417,R0029476,BW,OBE,BW,EFT transfer testing,,,,"2580369",BANK GABORONE BOTSWANA LIMITED,"",,,,,,,true,false,,,2026-07-16 12:17:04.013,2026-07-16 12:17:04.013,,,,,,,,BWP,BGLIBWGX,false,,,,,,,,,,,,,,,,,
418,R0029476,BW,OBE,BW,New EFT transfer test,,,,"2580963",STANBIC BANK BOTSWANA LIMITED,"",,,,,,,true,false,,,2026-07-16 12:19:51.058,2026-07-16 12:19:51.058,,,,,,,,BWP,SBICBWGX,false,,,,,,,,,,,,,,,,,
425,"002000925",BW,OBR,BW,Gava,,,,"3698836988",BANK GABORONE LIMITED,"",,,,,,,true,false,,,2026-07-16 16:13:41.580,2026-07-16 16:13:41.580,,,,,,,,BWP,BGLIBWGX,false,,,,,,,,,,,,,,,,,
409,"002008125",BW,INSAD,,Amol,,,,"6243452519",FIRSTRAND BANK LIMITED,WATERFALL MALL 994,,+2671234567890,"","",FIRNZAJJ,"",true,false,false,,2026-07-16 11:40:17.080,2026-07-16 12:27:51.889,,,,,,INSAD,"",INR,,,,,,,,,,,,,,,,,,,
419,"002011507",BW,INSW,ZA,Gaone International ,Polokwans,Pretoria ,Pretoria,"62523456",FIRSTRAND BANK LTD HEAD OFFICE INCL. DIVISIONS FIRST NATIONAL BANK  FNB CORPORAT,SAVEWAYS WITBANK 851,,"","","",FIRNZAJJ,"",true,false,false,,2026-07-16 12:53:25.316,2026-07-16 12:53:25.316,,,,,,"","",ZAR,,,,,,,,,,,,,,,,,,,
420,"002000353",BW,INSW,ZA,CurrencyTest,Abc,Abc,Durban ,"1234567890",FIRSTRAND BANK LTD HEAD OFFICE INCL. DIVISIONS FIRST NATIONAL BANK  FNB CORPORAT,SAVEWAYS WITBANK 851,,"","","",FIRNZAJJ,"",true,false,false,,2026-07-16 12:57:43.838,2026-07-16 12:57:43.838,,,,,,"","",ZAR,,,,,,,,,,,,,,,,,,,
421,"003001569",BW,BILL,BW,Daniel Higgins,,,,,,,,,,"",,,false,true,false,,2026-07-16 14:03:33.707,2026-07-16 14:04:11.036,,,,,,,,,BW-MASCOM-AIRTIME,,,15,Airtime and Data,,"",,Mascom Airtime,"4085553514",Mobile number,,,"{""Airtime for"":""Daniel Higgins"",""Mobile number"":""4085553514""}",,,,,
424,"003001569",BW,BILL,BW,Mascom Airtime,,,,,,,,"","",Daniel Higgins,,,true,false,true,,2026-07-16 15:12:52.416,2026-07-16 17:36:16.200,,,,,,BILL,,,BW-MASCOM-AIRTIME,,,15,Airtime and Data,,"",,Mascom Airtime,,,,,"{""Airtime for"":""Daniel Higgins"",""Mobile number"":""4085555270""}",,,,,
430,"002000925",BW,BILL,BW,DSTV 3634,,,,,,,,,,"",,,true,false,false,,2026-07-17 08:59:10.837,2026-07-17 08:59:10.837,,,,,,,,,BW-DSTV-BOXOFFICE,,,18,Lifestyle and Services,2,Entertainment /Pay TV,1,DSTV Box Office,"363455",Smartcard Number,,,"{""Smartcard Number"":""363455"",""Name"":""Fghh""}","{""accountNumber"":""363455"",""customerName"":""Fghh""}",,,,
422,"003001569",BW,BILL,BW,Daniel Higgins,,,,,,,,,,"",,,false,true,false,,2026-07-16 14:04:28.019,2026-07-16 15:12:31.623,,,,,,BILL,,,,,,15,Airtime and Data,,"",,Mascom Airtime,,,,,"{""Airtime for"":""Daniel Higgins"",""Mobile number"":""4085553514""}",,,,,
423,"003001569",BW,BILL,BW,Daniel Higgins,,,,,,,,,,"",,,false,true,false,,2026-07-16 14:36:59.372,2026-07-16 15:12:41.660,,,,,,,,,BW-MASCOM-AIRTIME,,,15,Airtime and Data,,"",,Mascom Airtime,"5554787672",Mobile number,,,"{""Airtime for"":""Daniel Higgins"",""Mobile number"":""5554787672""}",,,,,
426,R0023876,BW,IWL,BW,Wallet Test,,,,"123123",,,,,,,,,true,false,,,2026-07-17 07:57:35.913,2026-07-17 07:57:35.913,,,,,,Myzaka Wallet,,BWP,,,,,,,,,,,,,,,,,MYZAKA,Wallet Number,""
427,R0023876,BW,IWL,BW,Test wallet,,,,"0212220938",,,,,,,,,true,false,,,2026-07-17 07:58:44.603,2026-07-17 07:58:44.603,,,,,,Orange Money,,BWP,,,,,,,,,,,,,,,,accountNumber,BW-ORANGE-B2C,Wallet Number,""
428,"002000925",BW,BILL,BW,DSTV 6474,,,,,,,,,,"",,,true,false,false,,2026-07-17 08:57:29.057,2026-07-17 08:57:29.057,,,,,,,,,BW-DSTV,,,17,Lifestyle and Services,2,Entertainment /Pay TV,1,DSTV Payments,"6474544",Smartcard Number,,,"{""Smartcard Number"":""6474544"",""Name"":""Texyg""}","{""accountNumber"":""6474544"",""customerName"":""Texyg""}",,,,
429,"002000925",BW,BILL,BW,BOTS 2432,,,,,,,,,,"",,,true,false,false,,2026-07-17 08:58:29.941,2026-07-17 08:58:29.941,,,,,,,,,BW-PREPAID-ELECTRICITY,,,19,Utilities,3,Electricity,2,Botswana Power Corporation,"243222",Meter Number,,,"{""Meter Number"":""243222"",""Name"":""Test""}","{""accountNumber"":""243222"",""customerName"":""Test""}",,,,
431,"002000925",BW,BILL,BW,DSTV 1334,,,,,,,,,,"",,,true,false,false,,2026-07-17 09:09:20.877,2026-07-17 09:09:20.877,,,,,,,,,BW-DSTV-BOXOFFICE,,,18,Lifestyle and Services,2,Entertainment /Pay TV,1,DSTV Box Office,"13345",Smartcard Number,,,"{""Smartcard Number"":""13345"",""Name"":""Gsgsgs""}","{""accountNumber"":""13345"",""customerName"":""Gsgsgs""}",,,,
398,"002000179",BW,OBR,BW,asd,,,,"123",ABSA BANK OF BOTSWANA,GABORONE MALL(2901),,,,,,,true,false,,,2026-07-13 13:26:35.701,2026-07-17 11:05:32.463,,,,,,,,BWP,BARCBWGX,true,"2901",,,,,,,,,,,,,,,,
432,"002008125",BW,IWL,BW,Amol Bhosale,,,,"1234567890",,,,"123456",A@a.in,Nickname,,,true,false,,,2026-07-17 11:12:11.806,2026-07-17 11:12:11.806,,,,,,MYZAKA,,BWP,,,,,,,,,,,,,,,,,MYZAKA,Wallet Number,""
433,R0023876,BW,BILL,BW,DSTV 1234,,,,,,,,,,"",,,true,false,false,,2026-07-17 11:29:50.640,2026-07-17 11:29:50.640,,,,,,,,,BW-DSTV,,,17,Lifestyle and Services,2,Entertainment /Pay TV,1,DSTV Payments,"123456",Smartcard Number,,,"{""Smartcard Number"":""123456"",""Name"":""Bhavesh tv ""}","{""accountNumber"":""123456"",""customerName"":""Bhavesh tv ""}",,,,
434,"002000898",BW,OBR,BW,Test,,,,"52585258525852",ABSA BANK OF BOTSWANA,BROADHURST(2904),,,,,,,true,false,,,2026-07-17 12:03:55.825,2026-07-17 12:03:55.825,,,,,,,,BWP,BARCBWGX,true,"2904",,,,,,,,,,,,,,,,
435,"002000925",BW,OBR,BW,Vsgs,,,,"1477014770",BANK OF BARODA (BOTSWANA) LIMITED,"",,,,,,,true,false,,,2026-07-17 12:09:08.118,2026-07-17 12:09:08.118,,,,,,,,BWP,BARBBWGX,false,,,,,,,,,,,,,,,,,
437,R0029476,BW,IWL,BW,Wallet BW test,,,,"123123",,,,,,,,,true,false,,,2026-07-17 14:42:03.119,2026-07-17 14:42:03.119,,,,,,Myzaka Wallet,,BWP,,,,,,,,,,,,,,,,,MYZAKA,Wallet Number,""
438,"002000925",BW,OBE,BW,Tetst,,,,"4788847888",BANK GABORONE LIMITED,"",,,,,,,true,false,,,2026-07-17 14:42:58.484,2026-07-17 14:42:58.484,,,,,,,,BWP,BGLIBWGX,false,,,,,,,,,,,,,,,,,
439,R0029476,BW,IWL,BW,Am,,,,"23213",,,,,,,,,true,false,,,2026-07-17 14:44:51.438,2026-07-17 14:44:51.438,,,,,,Myzaka Wallet,,BWP,,,,,,,,,,,,,,,,,MYZAKA,Wallet Number,""
440,R0029476,BW,IWL,BW,Orange new test,,,,"0212220938",,,,,,,,,true,false,,,2026-07-17 14:46:28.689,2026-07-17 14:46:28.689,,,,,,Orange Money,,BWP,,,,,,,,,,,,,,,,accountNumber,BW-ORANGE-B2C,Wallet Number,""
401,"002008125",BW,OBR,BW,Amol B,,,,"80808080",ABSA BANK OF BOTSWANA,GABORONE INDUSTRIAL(2903),,,,,,,true,false,,,2026-07-15 09:09:30.355,2026-07-17 18:13:23.911,,,,,,,,BWP,BARCBWGX,true,"2903",,,,,,,,,,,,,,,,
441,"002008125",BW,WIB,BW,MUKESH CHAUHAN,,,,"0020000860211",,,,,,,,,true,false,,,2026-07-17 18:18:28.820,2026-07-17 18:18:28.820,,,,,,,,USD,,,,,,,,,,,,,,,,,,,
442,"002008125",BW,WIB,BW,ABDUL HUSEIN MITHA,,,,"0020001441001",,,,,,,,,true,false,,,2026-07-17 18:20:26.331,2026-07-17 18:20:26.331,,,,,,,,BWP,,,,,,,,,,,,,,,,,,,
